,Y,Treatment,Confounder
0,1.6055128090529553,0.12009849220486812,0.24019698440973625
1,-1.0716462455729796,0.0540036530402272,0.1080073060804544
2,-1.261118382408251,-0.31796922601564254,-0.6359384520312851
3,0.8482428073817109,-0.18060684060579887,-0.36121368121159775
4,2.340992480924927,0.4617937468955441,-1.0764125062089118
5,0.496714803912541,0.009839766167983908,0.019679532335967816
6,3.750568205341157,1.5522021816128482,1.1044043632256966
7,0.4917799546264421,0.8305610691624549,-0.33887786167509026
8,-1.2252304259460396,-0.01824956051667406,-0.03649912103334812
9,2.6456373432401508,1.1029874888883164,0.20597497777663273
10,1.2852223424711573,1.4435745533832416,0.8871491067664833
11,0.6627187770302096,-0.22965580481675402,-0.45931160963350803
12,-0.8925540702200775,-0.38076472168094166,-0.7615294433618833
13,0.9130469698955961,-0.08192732237462158,-0.16385464474924316
14,1.9986849837744265,0.6907359753082023,-0.6185280493835955
15,2.087068652372323,0.606132776602151,1.212265553204302
16,1.8111810089849703,-0.3179510860288987,-0.6359021720577974
17,0.8576687290647621,0.05677292787965356,0.11354585575930712
18,1.7105382385516088,0.814178962337361,-0.37164207532527804
19,1.0498613670528534,0.34037956892263255,-1.319240862154735
20,-0.3565796241793166,-0.1466572109751625,-0.293314421950325
21,2.86640179052141,1.0131946083190642,0.026389216638128325
22,1.6920717341222966,1.8013426379564772,1.6026852759129544
23,0.10693923205227157,0.20052108566342114,0.4010421713268423
24,1.3417096091272631,0.2795181067240842,0.5590362134481685
25,1.4255919294504185,0.4487115319609629,-1.1025769360780742
26,0.4614106237105362,0.6236349075258387,-0.7527301849483226
27,2.0493609319971338,1.4020171385968436,0.8040342771936874
28,0.7220790998193387,1.3122270659082096,0.624454131816419
29,0.602052292241246,0.46263178073950806,0.9252635614790161
30,-0.2073961261877324,-0.12351451596780898,-0.24702903193561795
31,-0.4418828831392553,-0.13635679953949534,-0.2727135990789907
32,-0.528088150957382,-0.22267170865614885,-0.4453434173122977
33,0.739639020352929,0.09422513899392364,0.18845027798784728
34,2.632265165281798,0.9814914616047553,-0.03701707679048931
35,1.949835212502678,0.03049913916641391,0.06099827833282782
36,2.1273541812230197,1.0233297898505014,0.04665957970100279
37,0.6633249552994567,0.9968508229022152,-0.006298354195569703
38,0.0369045622804034,0.5722923034978713,1.1445846069957426
39,-1.4675582956412543,-0.021180932269409737,-0.042361864538819474
40,-0.8207476080315823,0.019980723284890565,0.03996144656978113
41,1.6185096253202138,0.5601671775175319,-0.8796656449649363
42,2.134423895150404,1.059394185947123,0.11878837189424592
43,1.577837809981867,1.0997990101646824,0.19959802032936477
44,-0.234481608574074,-0.24609426692639716,-0.4921885338527943
45,-0.49538583994053204,0.002114886770838379,0.004229773541676758
46,1.0584849588102578,0.5574563664087552,-0.8850872671824896
47,2.817602055629439,1.1711426115156012,0.3422852230312023
48,0.2520150882673152,0.13427893275174957,0.26855786550349914
49,2.6347214324973898,1.2221741823660883,0.44434836473217676
50,-0.6710870848331771,0.43433566627660114,-1.1313286674467977
51,2.859702298510813,0.9613961673619253,-0.0772076652761493
52,-2.7505075597619726,-0.579004203882913,-1.158008407765826
53,1.2655726885367637,0.6449866382597658,-0.7100267234804686
54,-0.15806449438016953,0.17349492352753568,0.34698984705507135
55,-0.4096541319604864,0.05425648192677598,0.10851296385355196
56,1.3994340908248373,0.22693581666542956,0.4538716333308591
57,2.368090931535128,0.5249486067233334,-0.9501027865533331
58,1.7769438187133826,1.0822607101381885,0.16452142027637712
59,-0.6733534447632925,0.09081969748768665,0.1816393949753733
60,1.8704087775531015,0.9245989063318054,-0.1508021873363892
61,-1.1686418646250187,0.16676212857206096,0.3335242571441219
62,-0.6290701734263292,-0.5438387906069421,-1.0876775812138841
63,-0.16821770173265718,0.11448840638124216,0.22897681276248433
64,1.2997663842525187,0.43950107746661093,0.8790021549332219
65,1.6921988022499344,0.35833065135099923,0.7166613027019985
66,0.7662878240050368,0.5003490472786014,-0.9993019054427971
67,1.1267621687496159,0.962480158755846,-0.07503968248830804
68,2.1276496117870307,1.160751786189173,0.321503572378346
69,0.5113819849686878,0.2243064000953547,0.4486128001907094
70,0.9917802024941728,0.6881474828560503,-0.6237050342878994
71,2.286308037648771,0.9297930364223025,-0.14041392715539508
72,0.13250213674949562,0.9605593261921003,-0.07888134761579939
73,-0.8206779433589796,0.26134441884179915,0.5226888376835983
74,-0.27615785245046104,0.11355112218494172,0.22710224436988344
75,-1.5025928799236605,-0.041329140518100695,-0.08265828103620139
76,-1.726097585066261,-0.16667946358343544,-0.3333589271668709
77,-0.8581321379182023,-0.4384408562576409,-0.8768817125152818
78,-1.6172554959808307,-0.4013853435980391,-0.8027706871960782
79,1.9737773050970637,0.7751907171242086,-0.4496185657515828
80,3.6766320771795766,1.711681038853599,1.4233620777071978
81,0.3527279998654408,-0.41976544205279376,-0.8395308841055875
82,0.10398390866776518,-0.0933950270049894,-0.1867900540099788
83,-0.6065396946984448,-0.105312784919089,-0.210625569838178
84,0.12684434237411057,0.8191536743054955,1.638307348610991
85,-0.9196141859943974,0.3998030957822938,0.7996061915645876
86,2.499227462637999,0.7918537552199646,-0.4162924895600708
87,1.685529760679053,0.9316342198006171,-0.1367315603987657
88,-1.2633317188897688,0.10965612123858512,0.21931224247717024
89,-0.8865316105496929,-0.44857103226926054,-0.8971420645385211
90,1.4392463472976735,1.1917703173113552,0.38354063462271054
91,2.2121339638329633,0.8815352093848045,-0.236929581230391
92,0.03297708711904858,0.12809803441448528,0.25619606882897056
93,-1.169373897423889,-0.6680996077194401,-1.3361992154388802
94,-0.5700538703388817,-0.3200804630296595,-0.640160926059319
95,0.7547416652945345,0.7375214402415973,-0.5249571195168053
96,2.389128851566704,0.5002985732775527,-0.9994028534448948
97,0.9492103369918636,0.9854185906679239,-0.029162818664152063
98,3.8433616950991727,0.8943483087711028,-0.2113033824577943
99,3.5652673426771484,1.044438489206551,0.08887697841310219
100,1.0879236175860352,-0.08143848494051943,-0.16287696988103886
101,0.5331505576280571,0.5778097646673289,1.1556195293346578
102,1.948465354940227,0.79277310885394,-0.4144537822921199
103,0.5253644543004536,1.0764448440269745,0.15288968805394917
104,-0.029321310953874496,0.15768238751128186,0.3153647750225637
105,0.21737495163549972,0.17627674626221299,0.35255349252442597
106,-0.05235544871776471,0.35615400618812143,0.7123080123762429
107,4.475839753797606,0.8488573488872038,-0.3022853022255925
108,1.2613284958321025,0.28050652515070773,0.5610130503014155
109,-1.2200606011892998,-0.085506845672107,-0.171013691344214
110,-0.3699591220598526,0.2802380426769604,0.5604760853539208
111,3.7140918385962545,0.8120932982472191,-0.37581340350556186
112,0.6280864504319057,0.28772927281608973,-1.4245414543678205
113,4.506932582107503,1.2670405123851032,0.5340810247702065
114,0.3687164714836022,0.739429874653005,-0.52114025069399
115,-1.2699813452268955,0.18715329910064155,0.3743065982012831
116,3.87732519640915,1.6665257822346513,1.3330515644693028
117,-0.14178554245441105,-0.44747876304683964,-0.8949575260936793
118,-0.18885178431714886,0.22664421714195962,0.45328843428391924
119,1.7488891625242216,0.7693333328035921,-0.4613333343928159
120,0.9098074778691054,0.6399526528318373,-0.7200946943363254
121,2.765378794212917,0.9658857026415825,-0.06822859471683497
122,0.5562020999586301,-0.021889898246376698,-0.043779796492753396
123,0.9190230483467166,0.13073572040473108,0.26147144080946216
124,0.13057607152066258,0.13804252429640843,0.27608504859281685
125,0.36454332276166274,-0.42732373882804436,-0.8546474776560887
126,0.4860450515801132,0.3698944256356798,0.7397888512713596
127,0.07197353012640939,0.3934687210680706,0.7869374421361413
128,-1.284892640999444,-0.254718697140106,-0.509437394280212
129,-2.4605899219198557,-0.5934326845666621,-1.1868653691333242
130,-0.6387260082233737,-0.1000088385491048,-0.2000176770982096
131,1.3749748055349156,0.8406506802365867,-0.3186986395268266
132,-1.2596309216692567,0.09425564559747901,0.18851129119495802
133,1.2054818513112564,-0.0623123535768179,-0.1246247071536358
134,0.2857002075592527,0.47407598423838876,0.9481519684767775
135,-0.0688203133642169,0.5224997701038977,1.0449995402077954
136,0.6480380384399704,1.0832755221906945,0.16655104438138882
137,0.29542352783102044,-0.8782116708600567,-1.7564233417201134
138,2.552653126429366,1.0203222909401624,0.040644581880324916
139,2.715872994058242,1.5085777641343667,1.0171555282687337
140,0.2559415067924009,0.5557252452532874,-0.8885495094934253
141,2.012003107644336,1.081050186155367,0.16210037231073374
142,-0.012806981425538197,-0.07832087688384658,-0.15664175376769315
143,1.3745310178292105,-0.13274800324789707,-0.26549600649579413
144,0.06567945883410764,0.03191515450464068,0.06383030900928136
145,-0.08584426179123295,0.45528731178147397,-1.089425376437052
146,2.4895462153656465,1.0631182100535077,0.12623642010701552
147,4.532322535057213,1.509655931387314,1.0193118627746278
148,2.3258127032674194,1.3006097223185058,0.6012194446370116
149,-0.27360144453146806,-0.03256267023570385,-0.0651253404714077
150,-1.6254733078847705,-0.11561915339681832,-0.23123830679363663
151,1.565324001559603,0.2278938919707627,0.4557877839415254
152,2.3413909019872787,0.46214404766094197,-1.075711904678116
153,0.17905609899530328,-0.6200231573901841,-1.2400463147803682
154,0.7170255462254842,0.44487327544280386,0.8897465508856077
155,-0.21708472305053395,0.14549416988403618,0.29098833976807237
156,1.5019596950739622,-0.05212496396001608,-0.10424992792003215
157,2.487002819540063,1.6115876203535335,1.2231752407070673
158,0.6210744406661642,0.04739314132326675,0.0947862826465335
159,0.8884470244449838,0.1822109683014299,-1.6355780633971402
160,1.4449332329112818,0.013601848041255022,0.027203696082510043
161,-0.36421839512917364,0.672800898186766,1.345601796373532
162,1.130195299685453,-0.7008672070093641,-1.4017344140187282
163,0.2751601286444909,0.05157557856587054,0.10315115713174108
164,1.951095002078333,1.2456769954437976,0.491353990887595
165,2.1074898773793675,0.6687593473636504,-0.6624813052726992
166,0.664724168562876,-0.4892231296366724,-0.9784462592733448
167,1.5525045368652304,0.9803772666846052,-0.039245466630789615
168,-0.055958677086008796,0.16130237905489564,0.3226047581097913
169,0.4156749234351112,0.07668456813073331,0.15336913626146662
170,-0.14230750239376008,-0.27652214579897866,-0.5530442915979573
171,1.4082224689117417,0.5852310246693632,-0.8295379506612737
172,0.7059206163556202,0.093481184662747,0.186962369325494
173,2.618006595226821,0.9608963664519412,-0.0782072670961175
174,2.078206087847536,0.7281501718324223,-0.5436996563351555
175,3.5061258129647372,0.50769695943419,-0.9846060811316201
176,1.0075697684711793,1.399400108001866,0.7988002160037322
177,2.2648610143292833,1.463706392354497,0.9274127847089941
178,1.6773157922021777,0.9499518538987863,-0.10009629220242741
179,0.8507695035170807,0.052017412847633816,0.10403482569526763
180,3.046542332337129,1.3326009362877667,0.6652018725755334
181,-0.8137001278178331,-0.16313539632013044,-0.3262707926402609
182,-1.1264039712272997,-0.1309361440353106,-0.2618722880706212
183,2.8576444846441165,0.9634784804571344,-0.07304303908573126
184,1.0582087993868727,0.3218009126551906,-1.3563981746896188
185,-1.157736603253103,-0.13413086581603229,-0.26826173163206457
186,0.7316705248056361,0.9722327130030238,-0.05553457399395224
187,3.50962066982692,1.1839967576059418,0.3679935152118837
188,0.4193435029641239,0.09270821214358094,0.18541642428716187
189,1.6500028195385301,0.7932368843747506,-0.4135262312504987
190,1.3902049124035387,1.199394010045965,0.39878802009193004
191,3.1866812563593596,1.0260265898397178,0.05205317967943552
192,-0.04639521021678922,-0.28099784745920636,-0.5619956949184127
193,-0.6362654153554312,-1.2182426302011329,-2.4364852604022658
194,0.02228256175985255,1.4588656789843357,0.9177313579686716
195,-0.5979451876334266,-0.0693623558304209,-0.1387247116608418
196,0.2799850590843891,0.7739261580777781,-0.45214768384444387
197,-0.292733732912498,0.29071328284908754,0.5814265656981751
198,2.114358199423525,0.5860039033257578,-0.8279921933484843
199,2.861513772863903,1.4695889875323087,0.9391779750646173
200,1.4098392304153484,0.7198163166698123,-0.5603673666603755
201,-0.649920990580428,-0.2325648882046566,-0.4651297764093132
202,4.313815301120787,1.313336929441769,0.626673858883538
203,1.4656290567674484,0.7500917704426207,-0.4998164591147588
204,1.809940669515988,0.82718963479998,-0.34562073040004
205,0.16306710670247587,-0.28327267786798704,-0.5665453557359741
206,1.0256137167272814,0.44238071341292906,-1.1152385731741419
207,1.2543450232622309,0.9640839429997408,-0.07183211400051856
208,0.6838688421556647,1.2455352192870779,0.4910704385741559
209,0.39890083511009056,0.16174158822472207,0.32348317644944413
210,3.679445604830428,0.8776093577321148,-0.24478128453577036
211,-2.0071649163156295,-0.5742858128113267,-1.1485716256226535
212,0.8169961286732604,0.7053551551370489,-0.5892896897259021
213,2.450123711122038,1.3824022740835082,0.7648045481670165
214,-0.13392861147622453,0.25636689903568494,0.5127337980713699
215,0.6292714040229574,0.4648858455112548,-1.0702283089774904
216,-0.9129903049471657,-0.25725236180349015,-0.5145047236069803
217,1.712072296751359,0.017143389181985085,0.03428677836397017
218,1.5146106085308526,1.2385930295943688,0.47718605918873747
219,1.182765679748195,0.9629254326324806,-0.07414913473503876
220,1.44925021900966,1.1401420062916972,0.2802840125833942
221,1.340629549621072,0.8434695577672198,-0.31306088446556046
222,0.5408117840321329,-0.3902477485739799,-0.7804954971479598
223,1.6187208448578625,0.43440035820784406,-1.1311992835843119
224,2.7673284708334975,0.8703632224002823,-0.2592735551994354
225,3.785519083191862,0.9149748933225819,-0.17005021335483622
226,3.730786875808079,0.7727814566868674,-0.45443708662626514
227,0.9477110583204145,-0.3903051103296055,-0.780610220659211
228,-0.5266159719866956,-0.012161462274558766,-0.024322924549117532
229,1.0082976364686789,-0.07453337283242205,-0.1490667456648441
230,2.0948111949918333,0.42391040769006294,-1.1521791846198741
231,-1.3836309384955576,0.2226608811170239,0.4453217622340478
232,-2.0279750752718986,0.09785182984800908,0.19570365969601816
233,-1.0504822807903047,-0.003743563652634837,-0.007487127305269674
234,-0.9868033271195515,-0.10332748018120547,-0.20665496036241093
235,3.6115227007350947,1.8000272351132303,1.6000544702264603
236,1.2392327588384386,1.0060975526683686,0.012195105336737257
237,3.30860307946518,1.2787000374480915,0.557400074896183
238,0.7778061932369651,1.0835410584446095,0.16708211688921878
239,0.5998451368207418,0.4579666640284517,0.9159333280569034
240,-0.42922917550966694,-0.15636061054187328,-0.31272122108374656
241,-1.3550315091513931,-0.45729399579902585,-0.9145879915980517
242,1.9699890104965245,-0.1787205706850919,-0.3574411413701838
243,-0.7338412458121132,-0.6064124517253449,-1.2128249034506897
244,-1.409623531093985,0.4107001920413463,0.8214003840826926
245,0.41457024166135836,0.6945841137327389,-0.6108317725345224
246,1.8434532335866816,0.7480726873213667,-0.5038546253572667
247,3.7470237369271366,0.6094221218459939,-0.7811557563080122
248,-0.2834245620286159,-0.12234356193850736,-0.24468712387701472
249,1.3660566055547205,0.1120892728672147,-1.7758214542655706
250,1.987236029682129,0.5967104695630125,1.193420939126025
251,0.29811195239600274,1.1751688413237125,0.35033768264742493
252,-0.710320438897504,0.2416704872753316,0.4833409745506632
253,-1.3333186561603323,-0.17229276958390136,-0.3445855391678027
254,2.93233178038993,0.676426828448935,-0.64714634310213
255,0.9715586236021505,0.7252386288894107,-0.5495227422211786
256,1.7306206099450887,1.5533827970934604,1.1067655941869208
257,1.2066661335137454,1.097161930455372,0.19432386091074388
258,2.9046263678847213,0.8356967678736338,-0.3286064642527323
259,2.90588779846521,1.1858897306930645,0.3717794613861288
260,2.931029876658648,1.5429457159128483,1.0858914318256967
261,3.1518615802940735,1.3795333179094884,0.7590666358189767
262,-0.415874900856985,-0.5840701842776841,-1.1681403685553682
263,-1.1027498454730795,-0.014892684468205648,-0.029785368936411295
264,2.590310046662749,1.2273056573106893,0.45461131462137855
265,2.287386004113376,0.5035566528593198,-0.9928866942813603
266,-1.6523901225625395,0.0785032887440773,0.1570065774881546
267,0.8495874398134887,0.4915996203197739,-1.0168007593604522
268,-1.2054876278122217,0.0952130185869701,0.1904260371739402
269,-1.9114549837889463,-0.01706432254408549,-0.03412864508817098
270,2.704024990749487,1.5473568402834494,1.0947136805668989
271,2.362402029669016,0.6274598689379508,-0.7450802621240984
272,0.11532074922268148,0.2536739770154377,0.5073479540308754
273,-1.1877860684975563,-0.1447110380669714,-0.2894220761339428
274,0.6668785290781079,-0.17938750172283524,-0.3587750034456705
275,2.4106746347099914,1.0254114088263895,0.05082281765277905
276,-0.9255990535262497,0.23731482751231447,0.47462965502462895
277,-0.18789564917132015,0.23087825510533058,0.46175651021066116
278,2.555135400459879,1.1936398607657097,0.38727972153141954
279,-0.27424761832138833,0.26942459409406194,0.5388491881881239
280,0.7555358354178506,0.11578931993216698,0.23157863986433397
281,0.0007499105222297797,0.23075077120768647,0.46150154241537295
282,1.0958585947209585,0.49418405776434204,-1.011631884471316
283,2.9864301516229235,0.8992504735618982,-0.20149905287620343
284,1.206280263257331,0.7708500408002719,-0.45829991839945633
285,0.7608911989711906,0.9732468299014858,-0.05350634019702837
286,2.687040121294984,1.1112076579521626,0.22241531590432526
287,-0.17557075603329508,1.0074086812666776,0.014817362533355024
288,1.6092284498480092,0.13476792033679175,0.2695358406735835
289,-1.2977145862169195,-0.5691328673615341,-1.1382657347230682
290,2.1875426464814143,0.7027969232228388,-0.5944061535543224
291,-0.2649971886360558,-0.33039727997936197,-0.6607945599587239
292,0.6407033811295348,0.681211499187111,-0.6375770016257781
293,1.4776060299164386,0.45220445928528,0.90440891857056
294,-0.26932884536941354,-0.6011325758914742,-1.2022651517829483
295,-0.4284882659306334,-0.33902510339640146,-0.6780502067928029
296,1.732762480004991,0.21208550293509254,0.4241710058701851
297,-2.082369640637138,-0.544581548778138,-1.089163097556276
298,1.465688258479973,1.0938450462599505,0.18769009251990096
299,1.284963837476985,0.8980288358036125,-0.20394232839277499
300,0.5893414507967231,0.5016672057625792,1.0033344115251583
301,-0.38752844699843575,0.1674958836101132,0.3349917672202264
302,-2.2523338963504367,0.4369012999493236,0.8738025998986472
303,0.7978053337090915,0.2162368301637708,0.4324736603275416
304,-0.8327863167563756,0.8545033372147354,-0.2909933255705293
305,0.774873019754787,0.7227346641543564,-0.5545306716912871
306,2.6689401990611596,1.023342242178687,0.0466844843573743
307,2.3281550803777855,0.8514472514554849,-0.29710549708903
308,-0.21012605533750828,0.6587200361309867,1.3174400722619735
309,-1.3500350918357351,-0.13798167607152279,-0.27596335214304557
310,2.114651410216772,0.9019485026224418,-0.19610299475511658
311,0.6546889043968429,0.19749121528080088,0.39498243056160176
312,2.3953719438949546,1.1972761355826247,0.3945522711652493
313,1.7140610314252847,0.9769607217994007,1.9539214435988015
314,0.40232145025726207,1.2738557666293953,0.5477115332587904
315,-0.17638338753255856,0.6845155224614804,1.3690310449229608
316,0.6577279906990154,1.129222622467133,0.258445244934266
317,-0.1556319272416165,-0.20886048746132635,-0.4177209749226527
318,1.3247489866665285,0.23940320884034524,0.4788064176806905
319,2.495225313251867,1.3781376859106411,0.7562753718212822
320,0.8685199886600606,0.11633486606871427,0.23266973213742853
321,3.2161147215278314,1.222846371166561,0.44569274233312167
322,2.4162708274128772,1.3328164289238775,0.6656328578477552
323,0.37522683791071965,-0.39386477805471565,-0.7877295561094313
324,2.252133610973464,1.2906334722373034,0.5812669444746069
325,1.3212332003761205,1.249683977838404,0.4993679556768079
326,0.743831863624639,-0.029800951364641948,-0.059601902729283895
327,1.8127036780718235,-0.6584613248151784,-1.3169226496303568
328,2.0580829007544503,-0.15638771974552346,-0.3127754394910469
329,0.40601342372463134,-0.2823255000074544,-0.5646510000149088
330,1.316942453170003,0.6591923867393727,1.3183847734787455
331,2.7170759670250577,0.48514418126871894,-1.0297116374625621
332,2.662290745548905,0.5874618867948804,-0.825076226410239
333,1.1751694353633413,0.9706412798073737,-0.05871744038525264
334,1.9229557696226944,1.1533086106342647,0.30661722126852947
335,-0.7756964446463998,0.17286716374965547,0.34573432749931093
336,0.0011035056530109832,-0.6628816111850491,-1.3257632223700981
337,3.384542042825421,1.024774786150661,0.04954957230132217
338,-0.4339212421545205,-0.37412342944246557,-0.7482468588849311
339,0.38690924684761285,0.09797934265234749,0.19595868530469499
340,2.7120178920081046,0.7234069840699662,-0.5531860318600675
341,1.8849226169636306,0.9257900877251296,-0.1484198245497408
342,1.1116787076876045,1.1653644598334958,0.33072891966699147
343,2.449962614502608,1.467152055124095,0.9343041102481903
344,3.2914770891564373,1.0570802881325774,0.11416057626515469
345,0.1981922899339963,0.557275368044477,1.114550736088954
346,0.9620388942850338,0.9804387525512669,-0.03912249489746618
347,3.439403498844618,1.0912397962611124,0.18247959252222495
348,0.6125525934648459,-0.26735426412345625,-0.5347085282469125
349,-0.8281109298811699,-0.038001200619072396,-0.07600240123814479
350,0.33918939165781925,0.6842017878436308,-0.6315964243127384
351,2.880450395166251,1.2182827643840868,0.43656552876817345
352,2.008632320360847,0.7222814198209382,-0.5554371603581236
353,-0.2778557229118255,0.15206062023597386,0.3041212404719477
354,2.874041693484634,1.0723806526967645,0.144761305393529
355,2.4624355688858257,2.115771794583016,2.2315435891660322
356,1.0886014787711602,0.9765305084147279,-0.046938983170544256
357,3.0157732470477026,1.9455847698159587,1.8911695396319177
358,1.5267046399937727,0.955185697011319,-0.0896286059773621
359,2.641698259176518,0.7928850689744542,-0.4142298620510916
360,0.5019426805406276,0.4128059832757745,0.825611966551549
361,0.21133680911684816,0.7461752735036131,-0.5076494529927736
362,1.4239122541707487,0.6066296292136105,-0.786740741572779
363,1.3779958310092466,0.710159310976896,-0.579681378046208
364,0.13941015276504676,0.5322270649836783,1.0644541299673567
365,-0.22971621269342368,-0.026530447404504217,-0.053060894809008434
366,1.1255202849343826,0.06147832944775199,0.12295665889550399
367,-0.1298102764950975,0.0668857678796752,0.1337715357593504
368,-0.28944694562212675,-0.005320964054564608,-0.010641928109129216
369,2.1760765299830105,0.75972830721628,-0.48054338556744
370,0.1805057303220233,0.16466841859667178,0.32933683719334356
371,1.861160746448353,0.26584386807556315,-1.4683122638488737
372,0.06964094315040503,1.2142938955842366,0.4285877911684731
373,-0.9370086631445922,-0.13169040376408836,-0.2633808075281767
374,2.681189950463752,0.23742043829053372,-1.5251591234189326
375,2.1773607125809376,0.8526942880724989,-0.29461142385500216
376,-1.8951860109533625,0.04092969432084567,0.08185938864169134
377,1.8129533243688953,0.8396294730602945,-0.32074105387941104
378,1.3188878471828591,-0.29620714039867396,-0.5924142807973479
379,1.1811836853414635,-0.12257541720859044,-0.24515083441718089
380,3.144717086215266,0.3116603685976842,-1.3766792628046316
381,-0.6274722412570829,0.013785055678538924,0.027570111357077848
382,2.6578457306967977,1.3474789594815246,0.6949579189630491
383,0.4085057097717779,0.6218681230159908,-0.7562637539680184
384,1.4370874959971496,1.1337992837300126,0.2675985674600251
385,1.4247791984389284,1.2765100822826363,0.5530201645652724
386,-1.8299448173663002,-0.7549051715229697,-1.5098103430459393
387,2.2837783848397386,1.701276462275401,1.402552924550802
388,0.7586866333902001,0.09445438368028383,0.18890876736056766
389,4.2658892354943525,2.150525437416768,2.3010508748335363
390,2.5733462261401576,1.5228824980551456,1.0457649961102913
391,-1.8419880077151078,-0.13769432697883033,-0.27538865395766066
392,2.589288031598853,1.2391066074789112,0.4782132149578224
393,2.061098588379604,1.211688161436502,0.4233763228730041
394,-0.5381493893223432,-0.2943485081155679,-0.5886970162311358
395,0.8151027969263671,0.5171107401547413,1.0342214803094827
396,0.7497283890478564,0.1541992249230778,0.3083984498461556
397,3.459644130050883,1.7045032341740907,1.409006468348181
398,0.5194963470809275,-0.25377884391903566,-0.5075576878380713
399,-1.307667576426113,-0.29740875368391423,-0.5948175073678285
400,1.880457726377347,1.1637288305563651,0.3274576611127301
401,0.6634103442295718,-0.14106365380671806,-0.28212730761343613
402,0.0648821042783887,0.71704205885607,1.43408411771214
403,3.833874813186201,1.063556872286167,0.12711374457233401
404,-0.6038821270639589,-0.3651824234674055,-0.730364846934811
405,1.015351343109919,0.4546605282691965,0.909321056538393
406,2.28784838932528,1.1872369431088272,0.37447388621765426
407,2.041032696840854,1.1435334285693215,0.2870668571386428
408,1.2933754749133706,0.1641525983138356,0.3283051966276712
409,2.4212830641261918,0.959886236860675,-0.0802275262786501
410,3.6854195497960354,0.9597823790970245,-0.08043524180595107
411,0.6456872210122746,1.2886429616455013,0.5772859232910026
412,1.9475257050728305,0.6552181703235299,-0.6895636593529402
413,1.9363135154173028,1.1239495531008517,0.2478991062017032
414,2.9680749553227046,1.287990641626336,0.575981283252672
415,-0.24877554031275603,0.07796494657927558,0.15592989315855116
416,0.44663926732383813,0.560821087545095,1.12164217509019
417,-0.5500017748959918,-0.3651068902325637,-0.7302137804651274
418,0.43448927039119395,-0.1686542646927755,-0.337308529385551
419,1.9487604360089068,1.2952155653171928,0.5904311306343857
420,5.054912181232458,0.9418527842300091,-0.11629443153998192
421,2.6468010976799756,0.7896930416061827,-0.4206139167876346
422,-1.5895089360994756,0.382520687056375,0.76504137411275
423,1.398671584615966,0.6481363805432605,-0.703727238913479
424,-0.07453910545148336,0.0837631714498981,0.1675263428997962
425,1.2713955897554456,0.3456981131362539,0.6913962262725079
426,2.5260461905468254,1.0245242947662134,0.04904858953242664
427,0.6503858700551559,0.6689293692844844,-0.6621412614310312
428,1.586256423750274,0.29857059940314895,0.5971411988062979
429,2.135715991319045,1.2256364558774049,0.45127291175480966
430,0.08149031923840563,0.12457293013366283,0.24914586026732566
431,1.7206252118275187,0.7219044454088464,-0.5561911091823074
432,1.7956897019662108,1.3451474075726275,0.6902948151452551
433,-0.6106563404526343,0.14088765379935378,0.28177530759870756
434,-0.7178840693824224,0.029627337507102308,0.059254675014204616
435,1.593067467686804,1.1417416788635015,0.283483357727003
436,2.0306623341267946,1.5600117838834273,1.1200235677668544
437,-1.9191973945711498,0.15865554061226092,0.31731108122452184
438,2.266459257240139,0.7609148553844126,-0.4781702892311748
439,0.5238847603394939,-0.17421960007959816,-0.3484392001591963
440,1.2512466466971246,1.5070616061851743,1.0141232123703485
441,1.8913755491856854,0.9433663759053265,-0.11326724818934707
442,0.5987577295959352,-0.3234068747145101,-0.6468137494290201
443,-0.8546025634963387,-0.449545933192321,-0.899091866384642
444,3.224405256489836,1.3265969299744949,0.6531938599489896
445,-0.8475438641011018,-0.2225867118462612,-0.4451734236925224
446,2.4166201098917717,1.1095443175803588,0.21908863516071767
447,0.18708976238012237,-0.22494294945472326,-0.4498858989094465
448,1.5882107607726499,0.06825517011890238,0.13651034023780476
449,4.528998994612662,1.2784425559895476,0.5568851119790953
450,1.8822127136495523,1.4216011074793755,0.8432022149587509
451,2.4922634653292364,0.9971382201478717,-0.0057235597042565685
452,0.19858447740318486,0.10144106311060395,0.2028821262212079
453,0.3931496410380724,0.8665152875750681,-0.26696942484986375
454,-1.3127012575666848,-0.06535518975304606,-0.13071037950609213
455,1.3123565413272693,0.7090569226230088,-0.5818861547539823
456,0.9369689173951493,-0.1929437143172995,-0.385887428634599
457,-0.05950464761963797,0.03578879249394012,0.07157758498788024
458,0.21688437103904246,0.2736519811430703,-1.4526960377138594
459,-0.38441357920236086,-0.6807078854810203,-1.3614157709620407
460,1.4291307972614045,1.18117324727292,0.36234649454584006
461,2.256137469020056,0.9671101322607205,-0.06577973547855898
462,-2.1038206521030993,-0.1961382856336151,-0.3922765712672302
463,0.4378268434881156,0.8468610999685454,-0.3062778000629091
464,2.3691219196922426,1.2162977481642794,0.4325954963285588
465,-0.4031076490049168,-0.08569674699984546,-0.17139349399969092
466,-0.5906654296150926,-0.24645365652568224,-0.4929073130513645
467,1.794585532473562,-0.012926231555134103,-0.025852463110268207
468,-0.5903215211657907,-0.18844544224768495,-0.3768908844953699
469,2.7203708126863373,1.5774877176825213,1.1549754353650425
470,1.291031983009081,0.5227718288023546,1.0455436576047092
471,1.678675008900416,0.10557453239087235,0.2111490647817447
472,0.7659445397768961,0.070341885976028,0.140683771952056
473,3.6951518826142546,1.5892082431833359,1.1784164863666717
474,1.7816204519906045,0.8846551392479733,-0.23068972150405323
475,4.297648767056442,0.9726164995895498,-0.054767000820900455
476,-0.022412422927760467,0.6841935234015517,-0.6316129531968965
477,0.6455376306302318,0.3937179109290548,0.7874358218581096
478,-0.3296834699260597,0.12152921054927521,0.24305842109855041
479,-0.5672987505676312,-0.25507086575967375,-0.5101417315193475
480,-0.07360345575125979,0.14100621080670123,0.28201242161340245
481,0.5118033963909359,0.2481782954886618,0.4963565909773236
482,2.0917143187797236,0.09309179370971228,0.18618358741942456
483,0.37651673242696665,-0.30401428182848583,-0.6080285636569717
484,2.256399502501574,1.0210910496980834,0.04218209939616662
485,1.8333321414204446,0.5047181932876337,-0.9905636134247328
486,-0.11805690569545141,0.45938599593490653,0.9187719918698131
487,-1.496268007163744,-0.11210432019596007,-0.22420864039192015
488,0.1544974203561707,-0.29261844031675155,-0.5852368806335031
489,2.314407039678074,0.43477015158125437,0.8695403031625087
490,0.040645234598270616,-0.07681868119284062,-0.15363736238568124
491,3.831654945258002,1.272927273317116,0.5458545466342318
492,1.740808986567782,0.37736575439767933,0.7547315087953587
493,-0.6668471158343581,0.2892483273843331,0.5784966547686662
494,0.9838961956944973,-0.11716291298415729,-0.23432582596831458
495,-0.6815943952012076,-0.45910882255186464,-0.9182176451037293
496,-0.34403611903359205,-0.016048718439821887,-0.032097436879643775
497,1.789312408378604,1.044551882152685,0.08910376430536998
498,0.3526362717793429,0.5409862627526679,1.0819725255053358
499,-0.16958407088474162,0.10649389711321414,0.21298779422642827
500,-0.20230451896797447,-0.10097101685220354,-0.20194203370440708
501,1.9500789357202464,0.9565826961760993,-0.08683460764780139
502,1.0118480348704337,0.2911239661637181,0.5822479323274362
503,-0.0862293760003355,0.14988603109946944,0.29977206219893887
504,-1.737636992730763,-0.18060692181774488,-0.36121384363548975
505,1.2082625309430397,0.9658901909414499,-0.06821961811710028
506,1.0565405344576553,0.14298908684850004,0.28597817369700007
507,1.741897506550127,0.7523350764515757,-0.4953298470968485
508,0.3670195889841865,-0.2339845558628276,-0.4679691117256552
509,0.4126672780343635,0.16052512074358566,0.3210502414871713
510,1.7183868022927544,-0.12635135629256242,-0.25270271258512483
511,3.4847061418978145,1.1077642798717802,0.21552855974356042
512,1.4528129128578853,0.24568184330056553,-1.508636313398869
513,1.463000921764375,1.1898151411473175,0.3796302822946349
514,-0.7427441415131986,-0.21983288567620435,-0.4396657713524087
515,-0.540292609978774,-0.23638410615499042,-0.47276821230998084
516,-1.807742319845942,-0.9644060585986021,-1.9288121171972041
517,0.36506398824517033,0.41787774306818315,0.8357554861363663
518,-0.20376641762071512,0.42030586951855065,0.8406117390371013
519,-1.0504093346832861,-0.22856777585752763,-0.45713555171505527
520,1.312314967351752,0.7291156629802076,-0.541768674039585
521,0.19175031589987454,-0.1792425661403428,-0.3584851322806856
522,3.7449797824443953,1.2393367949550096,0.4786735899100193
523,2.9951559928676144,1.4219099444727312,0.8438198889454623
524,-1.0686545356009078,-0.25541477919289396,-0.5108295583857879
525,1.0113178848430167,0.7341435414876,-0.5317129170248001
526,2.3171679915867984,1.2755301827014227,0.5510603654028455
527,1.8349613497616923,0.7000050429069564,-0.5999899141860872
528,1.8311110093617873,1.3771011833755367,0.7542023667510731
529,-0.27595512169782244,0.16310469722454787,0.32620939444909575
530,-0.1577462602065069,0.3239535413972332,0.6479070827944664
531,1.2248727452402643,0.877087287852377,-0.24582542429524595
532,3.824007399082076,1.995292075418835,1.99058415083767
533,2.4360903074079223,1.103278292703077,0.2065565854061543
534,2.2269918782713027,0.2204086006926357,0.4408172013852714
535,2.6826718129895792,1.0819788646332917,0.16395772926658336
536,0.7462189106012409,0.005484604054236516,0.010969208108473032
537,-0.6373304009139468,-0.005012531478890058,-0.010025062957780115
538,0.7670440530686344,0.7927931919784599,-0.41441361604308014
539,4.073960968445711,1.1501509121135158,0.3003018242270316
540,-0.6510006836678104,-0.3179360942454369,-0.6358721884908738
541,0.10208828209589482,0.6493746605484488,1.2987493210968977
542,1.3189357415812368,0.7246391080916065,-0.550721783816787
543,-0.16177697243107536,0.6222217052954899,1.2444434105909798
544,1.2293863492942951,1.406074916071701,0.812149832143402
545,-0.6729698737611591,0.6068769170408803,1.2137538340817606
546,2.8721974348522727,1.064930708840391,0.12986141768078213
547,1.9831042943830763,0.9525686447178878,-0.09486271056422445
548,1.3041745571626948,1.0593207780398506,0.11864155607970103
549,0.3101451160950033,0.7466803196759018,-0.5066393606481966
550,3.5127870886387926,0.8731102148124594,-0.2537795703750811
551,-0.10586903058035602,0.6412327317166706,-0.7175345365666587
552,-0.1806144614223912,-0.4204565469284094,-0.8409130938568188
553,-0.45822099450494624,0.09464900501406583,0.18929801002813165
554,-0.030420881540504548,-0.04374017426063618,-0.08748034852127236
555,1.5465384964664197,1.1733257556238617,0.3466515112477233
556,3.1082022913688303,0.7109709027677795,-0.5780581944644411
557,3.8769833329097416,0.8019906936373673,-0.3960186127252653
558,-0.5292092369689401,0.16134633577554328,0.32269267155108655
559,-2.3569400715806137,-0.5109635334271178,-1.0219270668542355
560,2.527738466787918,1.498380823016813,0.996761646033626
561,2.7990215604870077,1.2201070168557449,0.44021403371148954
562,2.245700337201973,1.1496992367758767,0.2993984735517532
563,-0.5514135462258976,0.06400343839875199,0.12800687679750397
564,1.097382068948428,0.19625397449475512,0.39250794898951025
565,3.1976162667076173,1.2938553114247902,0.5877106228495805
566,3.4184777604975682,1.4208151292488302,0.8416302584976604
567,-0.1757013070081922,-0.23541438719493335,-0.4708287743898667
568,0.9593548624648742,0.288216337937888,0.576432675875776
569,1.0085286633537704,-0.422551401559819,-0.845102803119638
570,1.5698948781163573,-0.22005501778288453,-0.44011003556576905
571,0.624918668335088,0.06347950622934369,0.12695901245868738
572,1.8600587650898406,0.17954962015202486,0.3590992403040497
573,0.3022411768967172,0.14193170935719257,0.28386341871438514
574,0.00573176121577279,-1.0561409865532498,-2.1122819731064997
575,1.195736190973145,0.68877198488265,-0.6224560302347
576,3.0046831246489774,1.3753728801047962,0.7507457602095925
577,2.143043794203643,0.9339193273285218,-0.13216134534295634
578,-0.2995496968546675,0.21020293916920543,0.42040587833841087
579,1.5589656390988205,0.6331760110142318,-0.7336479779715364
580,-0.12113148768926374,1.1545404562938937,0.3090809125877874
581,1.2074649413288692,0.044502022886606936,0.08900404577321387
582,-1.2408186846671634,0.4401055732389257,0.8802111464778514
583,4.258250378822452,1.2531207576405379,0.506241515281076
584,2.316300298610598,0.722785914058011,-0.5544281718839781
585,-2.2033898265241545,-0.12794559055068078,-0.25589118110136155
586,0.6414670076666782,1.2645077701684402,0.5290155403368806
587,1.0556079497099884,1.2331803437995303,0.4663606875990608
588,-1.0767259392606525,0.604795886295328,1.209591772590656
589,1.3072962857378445,0.8374630324178431,-0.3250739351643138
590,-2.545536878118242,-0.21185278236339428,-0.42370556472678855
591,-0.6675505477660234,0.2895060104094386,0.5790120208188771
592,1.5977098272773647,0.7177633360710762,-0.5644733278578474
593,1.5929230844425097,1.398517664908531,0.7970353298170619
594,1.264072592654686,1.2969097421041296,0.5938194842082593
595,2.5194402566449896,0.8653350112433879,-0.26932997751322424
596,3.40163665223254,1.4249602629350737,0.8499205258701475
597,0.14755045547963536,0.2688669127955408,0.5377338255910816
598,0.039052668724008255,0.5400798578932322,-0.9198402842135356
599,1.3602971387448748,1.3556708026694606,0.7113416053389211
600,0.6511047133205123,-0.0639423346493726,-0.1278846692987452
601,-1.5110837876767507,-0.6879310010425354,-1.3758620020850707
602,-0.368232558017342,0.35498381252890443,-1.2900323749421911
603,-1.3685857465491884,0.0066625411953738865,0.013325082390747773
604,1.6493374043586941,0.2093074856854349,-1.5813850286291302
605,2.066296810861104,1.3171665791492355,0.6343331582984708
606,-0.18384352995900732,1.1939397019020246,0.3878794038040493
607,1.4852099333466244,1.1200464335425784,0.24009286708515676
608,1.774840084357927,0.7451852519814088,-0.5096294960371823
609,-0.391326905596775,-0.8763988862051016,-1.7527977724102033
610,1.5671262195773132,0.3487951635602211,0.6975903271204422
611,2.0606389227932347,1.4035776598891847,0.8071553197783693
612,2.167595591003193,0.2878614570970981,-1.4242770858058038
613,-1.9488089115659324,-0.1570332656925917,-0.3140665313851834
614,0.1818483069284304,0.4262032252887347,0.8524064505774694
615,0.6084014977584952,-0.4548376418233443,-0.9096752836466886
616,0.79865374080395,0.845177607770884,-0.3096447844582319
617,2.420500067271094,0.8091730224258573,-0.3816539551482854
618,1.8920181832076293,0.22334517495457407,0.44669034990914813
619,2.1709972419339136,0.7348575097114612,-0.5302849805770775
620,1.1369643140330643,1.2259525322095102,0.4519050644190204
621,-1.6597326802545087,-0.3981507377810265,-0.796301475562053
622,-0.3709370185604785,0.013423695823647242,0.026847391647294484
623,1.1761498998389217,0.3440048406534162,0.6880096813068324
624,-0.6282409150806001,-0.6426550534950081,-1.2853101069900161
625,-0.8342925736914892,0.2753539234270728,0.5507078468541456
626,2.4089809573430676,0.7359134261491718,-0.5281731477016566
627,2.4621467593468753,1.2157957575307576,0.43159151506151544
628,2.4630771203772603,0.9430421530851619,-0.11391569382967619
629,2.5770185399911822,1.5202517174116845,1.040503434823369
630,1.8007634825769123,0.5591206095834519,-0.8817587808330962
631,3.5770246289045247,0.9884669526613514,-0.02306609467729706
632,0.4213510096404347,0.014414565978677246,0.02882913195735449
633,1.639239354645479,1.353916957453669,0.7078339149073377
634,3.2902755903230014,0.6318854415070516,-0.7362291169858967
635,-0.03094727732814012,-0.1936088843632269,-0.3872177687264538
636,-0.536183161915923,-0.32248947888565027,-0.6449789577713005
637,0.8279224967687575,-0.45490640222235434,-0.9098128044447087
638,1.596820538983285,0.0018396346076077065,0.003679269215215413
639,1.5757854528324438,1.056582762025587,0.11316552405117393
640,1.034336443177761,1.1320073095469472,0.2640146190938943
641,-0.8476480742507273,-0.5367824735531367,-1.0735649471062734
642,4.018227824281334,0.6706379643123046,-0.6587240713753909
643,2.8287460884949533,0.5000081406273645,1.000016281254729
644,2.269507127363377,1.2819906675381008,0.5639813350762015
645,2.2844369978680685,1.020964715417311,0.04192943083462204
646,1.9753486873609958,0.7492170980703041,-0.5015658038593918
647,1.3688502612341216,1.315018718046646,0.630037436093292
648,-2.7474237370114887,0.004017726305865916,0.008035452611731832
649,1.6607548426696774,0.5337877907486372,-0.9324244185027256
650,2.588024762755066,1.4220782997603207,0.8441565995206416
651,-1.7650298682780594,0.8351402049207591,-0.32971959015848173
652,-0.09281472326806661,0.6342675848150751,1.2685351696301501
653,-0.8473511588790463,-0.21247497763409448,-0.42494995526818896
654,0.5270539753070906,0.9308793378994841,-0.13824132420103183
655,2.2089629836178717,1.4995157201255012,0.9990314402510023
656,2.7639823295225705,0.643699568928504,-0.712600862142992
657,1.5305419128511295,1.254056999611595,0.5081139992231897
658,1.7602377243502216,0.1480987624205481,0.2961975248410962
659,0.7947086753810524,0.7298200944031419,1.4596401888062838
660,1.2156897513810587,0.7016296713711675,-0.596740657257665
661,3.70340464398623,1.018877271298112,0.0377545425962239
662,3.684546892872353,1.3317277324236942,0.6634554648473884
663,3.7347451948539736,1.2789354695475734,0.5578709390951466
664,-0.24445992456804916,-0.36280900309839975,-0.7256180061967995
665,3.334033205709604,0.7191207182565115,-0.5617585634869771
666,2.47173011261271,0.9823908460613878,-0.03521830787722443
667,1.804294258308834,-0.020272458047186435,-0.04054491609437287
668,1.4707247431259314,0.9536488288696223,-0.09270234226075527
669,1.5031450710696708,0.8197160308009144,-0.3605679383981712
670,0.305260120723896,0.012601439225935865,0.02520287845187173
671,2.2128292180462843,0.9410484936689871,-0.11790301266202581
672,-0.3673894389872538,-0.2510504172086013,-0.5021008344172025
673,-0.34706596517303423,-0.25174096396074325,-0.5034819279214865
674,2.9124164596796636,1.4140899751924028,0.8281799503848055
675,0.14340404972982496,-0.1685410853423278,-0.3370821706846556
676,3.915429783919414,0.7635131015630208,-0.4729737968739584
677,1.2695853971458093,0.9052322279775462,-0.1895355440449077
678,0.27346155577358044,0.6749313548472489,-0.6501372903055023
679,1.257894403692013,1.1260774561360734,0.2521549122721465
680,1.5611652924813653,0.5567834937654508,-0.8864330124690983
681,-0.6786603129146741,-0.18856509199346264,-0.37713018398692527
682,0.6800201670179626,0.8509716590653427,-0.2980566818693146
683,2.1377906475656236,0.2570132033925943,0.5140264067851886
684,0.43965841809456235,0.52137392535145,1.0427478507029
685,-0.331103893963669,-0.4170633040161883,-0.8341266080323766
686,2.954898826442168,1.1097962100089678,0.21959242001793575
687,4.230552636815151,1.3313018295992103,0.6626036591984206
688,0.8276086687016947,0.7338653944389426,-0.5322692111221149
689,0.31151189508910554,0.123952004946582,0.247904009893164
690,2.376100735696236,1.3960238915286878,0.7920477830573753
691,2.1409315283142147,0.9449227996972083,-0.11015440060558337
692,1.3570798125887853,0.7263102669051833,-0.5473794661896335
693,1.841333868641173,1.4032183120082686,0.8064366240165373
694,0.3065121556871322,-0.4184200234026184,-0.8368400468052368
695,2.290139694428731,0.6051940594762233,-0.7896118810475535
696,0.6534102210431587,0.43274131045209235,0.8654826209041847
697,1.1419476425229533,0.4681881505213396,0.9363763010426792
698,1.3301845562413535,0.6941851133473156,-0.6116297733053688
699,2.027580317288091,0.7738594082497967,-0.4522811835004066
700,1.632349921097704,0.27790890776918864,0.5558178155383773
701,1.6194079035693547,1.246671915961161,0.4933438319223222
702,0.5650702263986525,0.9293130576817125,1.858626115363425
703,0.07405632989420807,-0.26707172168762733,-0.5341434433752547
704,-0.15082780046711008,0.25661911892027234,0.5132382378405447
705,-0.24265656089520898,-0.4969981331562278,-0.9939962663124556
706,2.9080016261234194,0.4066134253641506,0.8132268507283013
707,0.8812034531424386,0.21191306933868276,0.4238261386773655
708,0.48113797313125606,-0.3213056003744956,-0.6426112007489913
709,3.0754694217837284,1.295589602336033,0.591179204672066
710,1.453484351198229,0.2690200432979657,-1.4619599134040686
711,-0.22680585822954863,-0.024934095071057472,-0.049868190142114945
712,3.9560343521199997,0.9898209162362,-0.020358167527599978
713,1.3757672249359953,1.3766743337639535,0.7533486675279072
714,2.0049591607603365,1.446554448227785,0.8931088964555701
715,-0.7091009098160519,-0.1396092625612086,-0.2792185251224172
716,-0.718511854713882,-0.3977198836242437,-0.7954397672484874
717,2.8341789349805424,0.888749277634805,-0.22250144473038994
718,2.337095482774101,1.010132528382567,0.020265056765134112
719,-0.6133941953199303,-0.08049683319049021,-0.16099366638098042
720,0.4481917910810509,0.8195171184399076,1.6390342368798152
721,-0.4039793372121888,0.9055957618053921,1.8111915236107843
722,1.2467903644703817,0.895219664654271,-0.2095606706914578
723,1.471432154973116,0.5303048376007313,-0.9393903247985372
724,0.4242927729036803,-0.19363054060092624,-0.3872610812018525
725,-0.08237823734695615,1.0709674890247172,0.14193497804943436
726,-0.8576318579323186,-0.5479381256580059,-1.0958762513160119
727,-0.13099493607587354,0.31767628016832694,0.6353525603366539
728,1.3178331662784806,0.8683586832097727,-0.2632826335804545
729,2.166740801176587,0.9254546684133891,-0.14909066317322184
730,-1.225254808317471,-0.07356848539217617,-0.14713697078435234
731,-0.001363906519836089,1.1072484409857826,0.21449688197156516
732,1.8734360820425227,1.4436839302413407,0.8873678604826812
733,2.155212943571909,1.5226377285345682,1.0452754570691367
734,1.7117511144136912,0.6682152222741109,1.3364304445482218
735,2.2017491563389138,0.12696657592896599,0.25393315185793197
736,-0.05406889027251309,-0.1455746099773955,-0.291149219954791
737,1.170623026795084,0.15342714322193526,0.3068542864438705
738,2.345917736990519,1.2747612342955366,0.5495224685910731
739,2.106268256116284,1.4476010677074935,0.8952021354149872
740,2.4588846609056287,1.4345970690178644,0.8691941380357289
741,0.5830174522675751,0.4696866299204055,0.939373259840811
742,-0.7725663984480092,0.0108768356942339,0.0217536713884678
743,1.4250904997753382,0.727770871563062,-0.5444582568738762
744,2.982479461532871,0.9867721603681188,-0.026455679263762556
745,-0.7383602889931218,0.4183805512004646,0.8367611024009292
746,-1.4768438921867189,0.26986691663147433,0.5397338332629487
747,0.9660901703107756,0.4043307672648531,0.8086615345297062
748,1.5086153956652475,0.5308380715256769,-0.9383238569486463
749,2.9319311647262007,1.1079661903325495,0.21593238066509912
750,-1.318762836793582,-0.106697480840935,-0.21339496168187
751,4.681183097482174,1.3246467520960623,0.6492935041921244
752,-0.6327869131585195,-0.32290640253626235,-0.6458128050725247
753,1.223671275824196,0.9140329748689902,-0.17193405026201972
754,-0.3016868893978759,-0.3510337159464215,-0.702067431892843
755,0.7270547760632169,0.33707950015464133,0.6741590003092827
756,-0.14196000096724282,1.1831569293500128,0.36631385870002564
757,2.3246285091336256,1.055660962607047,2.111321925214094
758,2.3809630324518958,0.9197343438660999,-0.16053131226780024
759,0.6975961115474858,0.1896334034368078,0.3792668068736156
760,2.5628973960810013,0.6841715893825806,-0.6316568212348388
761,0.883709302144092,0.9984008037671241,-0.0031983924657515996
762,1.89049107602168,0.65648689497514,-0.68702621004972
763,-0.17083451586023274,-0.1380722004364393,-0.2761444008728786
764,0.606794185580535,0.9639185816235692,-0.0721628367528614
765,-1.1742183053734516,-0.42846744904687434,-0.8569348980937487
766,-0.307764040232855,0.30287208436245106,0.6057441687249021
767,-1.4611039474072225,-0.5385747151411212,-1.0771494302822424
768,-0.4248437193299035,-0.010499405856498525,-0.02099881171299705
769,1.705120253089072,0.7125401536287335,-0.574919692742533
770,-0.2890685077353663,-0.12194163174258765,-0.2438832634851753
771,3.7633112825574413,1.0039639373822358,0.007927874764471753
772,1.4047995962823654,0.6984331948888927,-0.6031336102222146
773,1.5303654814947556,0.9979405726443626,-0.0041188547112747925
774,0.9277320172799146,1.0730238635661535,0.1460477271323069
775,-1.7924858089490268,-0.3586726897644228,-0.7173453795288456
776,2.103638508688778,1.0220969195533591,0.04419383910671814
777,-0.2902515392806697,0.138142729850087,0.276285459700174
778,4.386730495508254,0.8412096721216243,-0.3175806557567513
779,1.1513655783459071,-0.08682398614138843,-0.17364797228277687
780,2.5160534882558347,1.4840456498545147,0.9680912997090295
781,-0.6299695249212237,0.005946425415033273,0.011892850830066547
782,1.462667258632325,1.4455509590151026,0.891101918030205
783,0.34511996519464794,0.5443432916746531,1.0886865833493062
784,1.7847886396819663,1.49419183730323,0.9883836746064597
785,4.7158818636428315,1.1483778764602712,0.2967557529205425
786,1.5265281936889274,0.16772087544086678,0.33544175088173356
787,2.3619687761223713,0.8952911302060858,-0.20941773958782856
788,1.4312777302286566,0.7310699700173262,-0.5378600599653475
789,0.32248087703436706,0.07101003529730808,0.14202007059461616
790,-0.06059050776459767,-0.11266627871152007,-0.22533255742304015
791,0.5431500364710073,-0.05921701966867963,-0.11843403933735926
792,1.805065132142475,0.6189926994260393,-0.7620146011479214
793,-1.366284530396009,-0.14097047938864551,-0.28194095877729103
794,1.947509516334385,0.9579338844797755,-0.08413223104044917
795,-0.9049719695457983,-0.15198160342994452,-0.30396320685988903
796,-1.478581965632554,-0.24244944293064175,-0.4848988858612835
797,4.147754450330479,1.0310627884145827,0.06212557682916531
798,1.8801487858925068,0.5310119166580914,1.0620238333161829
799,-1.722676803003774,-0.2490682696884828,-0.4981365393769656
800,0.7155677441756196,0.666206872494621,-0.6675862550107581
801,0.5478881585400386,0.10328415996021141,0.20656831992042282
802,-0.30520349576978334,0.13686612666808032,0.27373225333616064
803,0.0017990915184394954,-0.015685089121005042,-0.031370178242010084
804,0.8082021607793051,0.9797286681778709,-0.04054266364425834
805,-1.414975053656939,-0.08272504401757093,-0.16545008803514186
806,-0.907475389305566,-0.0066438056227440204,-0.013287611245488041
807,2.241843801737891,1.622648749616103,1.2452974992322061
808,0.4660637857977523,0.7432121599265683,-0.5135756801468634
809,0.23303541933191954,0.46640321731849266,0.9328064346369853
810,1.3921039884118225,-0.47371594147362944,-0.9474318829472589
811,2.338434626972164,1.3456442512024689,0.6912885024049379
812,2.565645371469262,1.0899572996425484,0.17991459928509693
813,-0.7551131951623796,0.09089648945954512,0.18179297891909024
814,1.283450597130606,1.1285753007753003,0.2571506015506009
815,2.612845832182905,1.009885169307781,0.01977033861556208
816,3.3957204549836626,0.6041947533991036,-0.7916104932017929
817,-1.1906925023337567,-0.3598009440721467,-0.7196018881442934
818,0.35011197517842174,0.172753400485743,0.345506800971486
819,-0.43080550826712427,-0.360235514019274,-0.720471028038548
820,2.1155699498609293,0.7754063384610984,-0.4491873230778032
821,0.5681105433236981,0.5879634128917773,-0.8240731742164453
822,1.4351268735439553,0.7093156337111652,-0.5813687325776695
823,-0.3680217641568107,-0.26846905945886634,-0.5369381189177327
824,-1.9231042487639805,-0.2897202618164546,-0.5794405236329092
825,1.8953763604553473,-0.027157168709343486,-0.05431433741868697
826,0.7610939298851975,0.1422694796762276,0.2845389593524552
827,2.0824648396586856,1.177958780506541,0.3559175610130821
828,0.2569768894352083,-0.4703037172856264,-0.9406074345712528
829,1.3484449220509394,1.1364028482105848,0.27280569642116953
830,2.2217161966065495,0.5529261317086307,1.1058522634172614
831,0.15407028686086527,-0.41647554506906365,-0.8329510901381273
832,0.7680516307347366,-0.049711437268580315,-0.09942287453716063
833,-0.35882851320509385,-0.45724871784786975,-0.9144974356957395
834,2.704076002273681,1.9866231787865636,1.9732463575731274
835,2.3847251874356084,1.0506652368010212,0.10133047360204232
836,-0.19399114503280124,0.1900416363848425,0.380083272769685
837,0.13300001576891313,-0.03079326822140963,-0.06158653644281926
838,1.8897436310015912,0.8332299567898547,-0.33354008642029054
839,-1.2733552821143974,0.003715401014159314,0.007430802028318628
840,2.3074777882505497,0.8764180128588654,-0.247163974282269
841,-0.7303757369107368,-0.1493997892838821,-0.2987995785677642
842,1.2854209340020506,0.9426961749108013,-0.11460765017839751
843,0.33873194944633067,-0.22491099807805848,-0.44982199615611695
844,1.721621379001328,0.9870065423043649,-0.025986915391270158
845,-0.6704273213402939,-0.21835869000336539,-0.43671738000673077
846,-0.8478933279511889,-0.45541035001347113,-0.9108207000269423
847,-1.2184643122141323,-0.1576762187635133,-0.3153524375270266
848,0.4906108764607535,0.5784422652356742,-0.8431154695286516
849,0.036381474610172965,-0.20511568258819646,-0.4102313651763929
850,3.3748736654695923,1.4730871169756559,0.9461742339513115
851,2.6704344489641043,0.9524855962120004,-0.09502880757599924
852,0.5054419578299877,0.379730428874495,0.75946085774899
853,-1.4744056402350072,0.16854644311773606,0.3370928862354721
854,3.100288169779801,1.7659722078444207,1.5319444156888413
855,0.3568052190818596,0.23322912768754217,0.46645825537508434
856,0.43460569580826136,0.710147500887801,-0.579704998224398
857,-1.4186777250183011,-0.05158339999431193,-0.10316679998862387
858,2.458930388380165,1.0780880034582774,0.15617600691655475
859,-0.25312369019912173,-0.021515819505059035,-0.04303163901011807
860,-1.4604854062625037,-0.4143746639316608,-0.8287493278633216
861,0.3194715390300088,1.023036435369017,2.046072870738034
862,1.4685735629449794,0.26402968531982746,0.5280593706396549
863,2.204458683698953,1.087557205135777,0.1751144102715539
864,2.003121787343332,0.6242361880743867,1.2484723761487735
865,2.963035755294129,0.6768814959239784,-0.6462370081520431
866,-0.2837448833662197,0.5251271841067621,-0.9497456317864759
867,-0.4123896238489348,-0.15617204668073803,-0.31234409336147606
868,-0.2642638532647419,-0.16047778849200253,-0.32095557698400506
869,0.9659744245682742,0.4967297658652938,0.9934595317305877
870,3.4335292154506556,0.10248560262374261,0.20497120524748522
871,3.833408878098988,0.6487048102577297,-0.7025903794845405
872,-0.6864981202119493,0.2797480693875341,0.5594961387750682
873,1.985943014040497,1.0420554576955623,0.08411091539112475
874,2.758587994623116,0.4286559926256026,0.8573119852512052
875,-0.21506896546143833,0.36314547293919114,0.7262909458783823
876,2.4127648518598996,1.0782477513322257,0.15649550266445153
877,3.0836582245909527,0.9678792077692836,-0.06424158446143285
878,-0.18605856945399296,0.29798505506725165,0.5959701101345033
879,0.09012022991354404,0.043004374224218204,0.08600874844843641
880,2.8580895373239996,2.19958397446025,2.3991679489205
881,3.239311019797345,1.0824260331435158,0.16485206628703145
882,0.6080118218009001,0.9022625346174522,-0.19547493076509553
883,1.5118418525822361,0.6878512690483333,-0.6242974619033335
884,0.09633497962564325,0.31929978346558835,0.6385995669311767
885,-0.3621216861432034,-0.18081303963608963,-0.36162607927217927
886,-0.6740454285734707,0.7250447620713698,-0.5499104758572604
887,1.028926999703892,1.0267645663694949,0.05352913273898982
888,0.7242443885512664,1.0097403327125414,0.019480665425082578
889,2.3024493254430944,0.5662158974615699,-0.8675682050768604
890,2.493056592097377,1.3744221587293826,0.7488443174587649
891,0.3643650772099598,-0.4634806052949094,-0.9269612105898188
892,1.226441098721549,-0.24295459011870066,-0.4859091802374013
893,2.8839407435013973,0.8150992286477117,-0.36980154270457666
894,0.7229482369936318,0.5962118751481884,-0.8075762497036231
895,1.547625794055487,0.29764171528911354,-1.404716569421773
896,3.0083757019923687,0.7750748248690558,-0.44985035026188835
897,0.5886377458895131,-0.08666378155425573,-0.17332756310851147
898,-0.49559736625651696,0.23709345197912104,0.4741869039582421
899,-0.13829506155645338,0.2666057231718426,0.5332114463436852
900,1.2078100795899933,1.561796540881121,1.123593081762242
901,0.5455528839956084,0.5067373335436313,-0.9865253329127375
902,1.1809242945547054,0.6451558028547639,-0.7096883942904723
903,1.3271880480636544,0.8678069479930335,-0.26438610401393303
904,1.628747506091492,-0.10988691989232531,-0.21977383978465062
905,0.44517776384661106,0.1931102507723173,0.3862205015446346
906,-0.6634841894351555,0.4496911206924607,0.8993822413849214
907,1.2029641749448197,0.4085367709174028,-1.1829264581651944
908,0.6775031374799545,0.7025365539565738,-0.5949268920868526
909,2.6639398755338863,1.3872825708208012,0.7745651416416022
910,0.17281514912753349,-0.7553470486545517,-1.5106940973091034
911,-0.3848342422839475,0.07933676830942926,0.15867353661885852
912,2.571229815854585,1.3131466998068466,0.6262933996136931
913,2.3479986171449565,0.9701526829422914,-0.0596946341154172
914,2.5515960250483563,1.1503953445800335,0.3007906891600671
915,0.7391242107118667,-0.26370725847145615,-0.5274145169429123
916,2.778804445965836,0.9920908025012206,-0.015818394997558795
917,1.1865410872130582,0.13787546482024515,-1.7242490703595097
918,-0.5985461196863576,0.05136498346454346,0.10272996692908692
919,-0.12487327832705605,-0.1981213315847488,-0.3962426631694976
920,-1.273479639079445,-0.4309064774440952,-0.8618129548881904
921,-0.8210183940213693,0.07887292199032239,0.15774584398064478
922,-0.09842163759920597,0.9695401885852051,-0.060919622829589924
923,0.5882373948260218,1.0716175262780883,0.14323505255617655
924,1.2460314375001065,0.5620337853390329,-0.8759324293219343
925,-0.11300093069607753,0.8922222536932866,-0.2155554926134268
926,0.4559530351632337,0.1850834574211932,0.3701669148423864
927,-0.24256349127281376,-0.2822015447452351,-0.5644030894904702
928,-1.0484401335106397,0.018017460177995694,0.03603492035599139
929,3.3602029066762844,0.9100361789056904,-0.17992764218861906
930,2.7327828521798434,0.7956375843672354,-0.40872483126552905
931,1.3700512143145898,0.905143366403078,-0.18971326719384388
932,-1.0308674747636846,-0.36009386182963476,-0.7201877236592695
933,-1.542725273027267,0.2266237309710444,0.4532474619420888
934,-1.9506070399882374,-0.15427319516005822,-0.30854639032011644
935,2.1047855388258223,0.7378800497249176,-0.5242399005501647
936,1.3692512557583596,0.4021029127739968,-1.1957941744520064
937,-0.9400644928323144,-0.4777021784886642,-0.9554043569773284
938,0.5322371219473164,-0.18735162822892173,-0.37470325645784347
939,0.44101355113495655,0.3598783652645005,0.719756730529001
940,-0.16136880072334892,-0.15489786216081797,-0.30979572432163593
941,0.7915290971488295,0.10022143399075044,0.20044286798150088
942,2.095275038917899,1.1700317903107387,0.3400635806214773
943,2.901006864573075,0.862944778520575,-0.27411044295884995
944,1.521465014673637,1.2168293306202225,0.43365866124044483
945,0.2968734975914827,0.041339768478499316,0.08267953695699863
946,1.0042118615558975,0.963638378704723,-0.07272324259055388
947,3.100683567350775,1.3409571068727055,0.6819142137454111
948,1.0743985404450727,0.657914360023903,-0.6841712799521941
949,3.063451721424207,1.1650835873885166,0.3301671747770331
950,-0.7368070944594354,-0.4337234544923423,-0.8674469089846846
951,0.6638684577141282,-0.07884563622230813,-0.15769127244461625
952,1.7961791183889382,0.6615442405032121,-0.6769115189935758
953,3.1627126766273657,1.5122102550771883,1.0244205101543764
954,0.1275623393826102,0.4307383845124723,0.8614767690249446
955,-1.1467789961939778,-0.26271703779993616,-0.5254340755998723
956,2.2164015554170904,1.4157735285186415,0.8315470570372832
957,3.017492325274282,0.871510955389593,-0.2569780892208141
958,3.2108117918815675,1.2468384888589317,0.4936769777178633
959,3.2276505570186003,0.7771382841126745,-0.445723431774651
960,2.3739400364375864,0.24679637399751042,-1.5064072520049792
961,2.158115270986558,1.0436211445843846,0.08724228916876899
962,-0.10688567132216155,0.018463941496055413,0.036927882992110826
963,-0.6256061960753146,0.43201432240742055,0.8640286448148411
964,-0.1844403035927482,-0.12178644320839978,-0.24357288641679956
965,-1.9813427679095148,-0.6831113654581121,-1.3662227309162243
966,-1.484111385788487,-0.8094106813160062,-1.6188213626320125
967,-1.168560717792785,-0.11754866092627242,-0.23509732185254484
968,1.730994522263219,1.0800113087221257,0.16002261744425134
969,0.6136763976438042,-0.09156294731994895,-0.1831258946398979
970,0.6926674184576004,0.3451980878968996,0.6903961757937992
971,-0.2392488963587794,-0.41282867000955437,-0.8256573400191087
972,2.336159541966158,0.758410232648677,-0.4831795347026461
973,1.054627541156789,-0.18717787159612156,-0.37435574319224313
974,-1.5688263116168542,0.06116241218012555,0.1223248243602511
975,0.3053132567734957,-0.3567037462376344,-0.7134074924752688
976,-1.481280637114458,-0.7231117722755541,-1.4462235445511082
977,1.461644331760472,0.11553467938631519,0.23106935877263038
978,-0.9459977985217409,0.27809500281261634,0.5561900056252327
979,-0.9761791029547562,-0.06262326847091843,-0.12524653694183685
980,0.6695944377900217,0.08733720534219326,0.17467441068438652
981,1.0924449149756557,0.7205972642430352,-0.5588054715139296
982,0.24141476522264876,0.031941045576349344,0.06388209115269869
983,2.6838144970648883,0.8530888483142198,-0.29382230337156046
984,-2.0092068050201943,0.0054641286893744425,0.010928257378748885
985,1.7334412567595137,1.0678925329848696,0.13578506596973927
986,0.3205804881186262,0.3004731210318532,0.6009462420637064
987,0.2853163712038464,0.1665030028918724,0.3330060057837448
988,2.9284006044736386,1.5372415778379998,1.0744831556759995
989,0.07766593680009287,0.21841187131422643,0.43682374262845286
990,4.689344682619904,1.554812506924676,1.1096250138493524
991,3.6075460901876166,1.2154216121686903,0.4308432243373805
992,0.7338257507648371,1.18384224311963,0.3676844862392602
993,0.41499668964150904,0.27582166122311613,0.5516433224462323
994,2.3544706417369548,0.6595148210360475,-0.6809703579279051
995,1.5845030727992597,0.78996934700947,-0.4200613059810601
996,1.2872255518916096,0.8223453693781525,-0.355309261243695
997,0.9508105218081218,1.043327681073461,0.08665536214692221
998,0.35382920265140694,0.351703965357604,0.703407930715208
999,2.0090579751524063,0.7308059394548803,-0.5383881210902395
