,Y,T,S
0,-0.4879776374779211,0.0,0.745296723214234
1,2.4537152268351514,1.0,2.2752704275624547
2,3.301882446749612,1.0,3.08673316122826
3,2.4106990400188666,1.0,4.541855690289028
4,1.8146771614342878,1.0,2.172228037388225
5,3.6950335061746475,1.0,1.88243192761144
6,1.8602681071742266,1.0,1.1501791766894773
7,-0.44265241437012587,0.0,0.6421725643672634
8,3.1733473314134693,1.0,3.660831221925984
9,0.8274223347426486,0.0,0.10189274206682769
10,1.770317813858546,1.0,2.121011534446554
11,0.36743681213658874,0.0,-0.12913321364134928
12,0.053129113985396915,0.0,-0.5768441768510844
13,2.272547512531379,1.0,2.431045263176676
14,-0.7523770802942455,0.0,-1.2625781057855203
15,-0.12783223112633163,0.0,-0.670752255725379
16,1.969192180459498,1.0,1.5508652526408568
17,3.2953491711080316,1.0,1.6456792231112616
18,1.3966637226855516,1.0,2.064265864578855
19,0.6180368122301316,1.0,1.0756053567622477
20,0.5412870614152235,0.0,1.3777474170142647
21,1.987034627473109,1.0,2.2214927676860574
22,3.167797572543189,1.0,2.4528644224142546
23,0.544467286336333,0.0,0.025956954717075376
24,1.1645036876845882,0.0,-0.7135168235937241
25,-1.1007898176952529,0.0,-1.1938986013725574
26,-0.6705860846837828,0.0,-1.8401139022682225
27,1.0419480843203908,1.0,1.0726076266564184
28,-0.667098118316199,0.0,-1.4635665954277868
29,3.603827428028118,1.0,3.2427023492273297
30,-0.02895065544480093,0.0,0.9211060840920078
31,1.9451913720008647,1.0,0.4810095884910379
32,3.9212493154017163,1.0,3.1887504666207076
33,2.4200700988708816,1.0,1.134691452156354
34,0.4905721245291752,0.0,-0.848353467571672
35,3.3650991410458504,1.0,2.053300369873114
36,1.885035309199092,0.0,1.2993096883142001
37,2.6055213374848467,1.0,0.548914219301099
38,0.5043701636397927,0.0,0.8725491067658031
39,1.4961210782286787,1.0,2.927384548801103
40,1.1534286664007833,1.0,1.054656525050083
41,1.1921836158411008,1.0,1.6834926418390328
42,-1.3343551842059147,0.0,-1.5155384313484315
43,3.12036413931391,1.0,2.4896937103963457
44,1.5611454467284394,1.0,1.2155386799653944
45,2.1544657053647764,1.0,3.826644297705581
46,3.7994061328453803,1.0,2.336885152756132
47,1.9431024503622498,1.0,1.5709558373340449
48,1.8915443405677697,1.0,0.7856374549477417
49,1.927558667156149,1.0,2.712998545640371
50,1.9196823148730227,0.0,1.203766369922027
51,2.172248891938211,1.0,1.6585891804519275
52,0.5442748981156099,0.0,-0.9488318486139058
53,1.131022579032122,1.0,1.4471068756856562
54,-0.4320936576285546,0.0,-0.39607734817661344
55,0.6286067582405634,0.0,1.2873794835383485
56,3.4181480498178094,1.0,3.3593261242301247
57,1.7855495091596252,1.0,0.6539220887415472
58,2.3679243010351136,1.0,0.9762867378649531
59,-0.40512014772318916,0.0,1.2182863662733348
60,3.7946837859050664,1.0,2.496931967401445
61,0.05117458744580491,0.0,2.788029028604129
62,-0.13544321772452353,0.0,-0.02706217584617205
63,0.8094223976754731,0.0,-0.46856604070816443
64,2.635615126123565,1.0,1.0075066193878368
65,2.984320462750204,1.0,0.3464129819429127
66,1.3074654404520212,1.0,1.0444982609945686
67,2.7042000580067405,1.0,3.1718115775977465
68,1.7298790871076462,1.0,2.6662574569435034
69,-1.9537859676518736,0.0,-0.673762185115158
70,-2.056275400017973,0.0,-1.9097421982894645
71,-0.11354013746708458,0.0,-1.3386359038068356
72,2.2722653040424743,1.0,1.5052270152506326
73,0.3537123153759377,0.0,-0.5756425109551788
74,0.5318036222336879,1.0,1.6069361210566095
75,3.148374920452458,1.0,1.4707820549529695
76,1.0785186608017219,0.0,-0.13613684198598863
77,0.3179128606760401,0.0,-0.9747784558057824
78,1.1885126945837325,1.0,1.5106878729644408
79,-0.04591986669483724,0.0,0.7390677541309391
80,3.0764718731187912,1.0,1.0012600868126416
81,1.6190364986840915,1.0,3.701498446659598
82,-0.13664673768982524,0.0,-0.2594893821840676
83,0.4001585754166923,1.0,1.5584019171892152
84,3.9774564802073087,1.0,2.084289540582244
85,1.699796723388845,1.0,1.7550349541500467
86,2.473671726227343,1.0,2.3991992438556924
87,1.6674378723253296,1.0,1.7009033855956444
88,3.317563621063831,1.0,1.678050827150504
89,-1.133741381062685,0.0,0.8016447386591838
90,0.8681744092493896,0.0,1.4183509919982964
91,1.8776725532177228,1.0,3.606714897752703
92,-0.6575289829220393,0.0,0.8777052008607493
93,1.6311271809801509,0.0,1.9287648666620267
94,-0.23280627025461983,0.0,1.2360867139721685
95,-2.247919539107325,0.0,-1.0903399561869753
96,1.1044463780430878,0.0,0.5824228746709994
97,0.49331606141820883,1.0,-0.16587031926674956
98,-1.494781948141783,0.0,-1.1306682682137563
99,2.6082038670862184,1.0,4.381077210381566
100,0.6448280812701506,1.0,1.2989867464829234
101,1.597232112666374,1.0,1.2042017749897886
102,0.026986508890507688,1.0,0.9953696231606499
103,3.171506868665427,1.0,1.7412974319100205
104,0.5971315368964415,0.0,-0.3627858831444441
105,-0.9390062566990421,0.0,-1.3405489460479179
106,0.32744308899944197,1.0,0.5922497949874055
107,2.449258663997557,1.0,0.8037062160138491
108,-0.0034750065126647883,0.0,-0.47467482591296356
109,-1.086961865382862,0.0,-1.6979516349378683
110,0.6348192835263798,0.0,0.5858380968603063
111,-0.9223280623779616,0.0,-0.11656605867973396
112,-0.1949237787351653,0.0,1.4583445853184396
113,1.4548023672030947,0.0,1.3091188454563643
114,2.6034085866774035,1.0,0.8149573997789394
115,2.9980281122671766,1.0,2.3570210706096715
116,1.767232595235165,0.0,1.2410649487132486
117,0.18422315323806038,0.0,-0.6225824925739403
118,0.34331950728455435,0.0,-0.0731276096148624
119,2.19295942925342,1.0,1.5312969539187142
120,0.6785150200748427,1.0,0.5879604588215979
121,1.258681697957377,1.0,1.717307296431076
122,2.986568523898182,1.0,2.7906071580860567
123,-1.9658296991138358,0.0,-1.624319641710692
124,2.071881042800643,0.0,2.502131876445327
125,1.2435596865222664,1.0,1.3099448604234767
126,0.2575299337721553,1.0,-0.536028210870293
127,1.2076069620876484,1.0,1.3188245701360068
128,1.284318122611455,1.0,1.2093360071038357
129,4.175277352446852,1.0,2.482153046876931
130,1.6903768999342481,1.0,1.1303164356154194
131,-0.28719633458365396,0.0,-1.6594896659512273
132,-0.9743998154840898,0.0,-0.51766729323653
133,1.7407113291147889,1.0,1.1620043992902576
134,-0.8174341796890363,0.0,0.8390159065954542
135,-1.4377780216963256,0.0,-2.1462016358369995
136,1.0658292080744245,1.0,1.3695476871835148
137,-0.6590618679553641,0.0,-0.6600532506507664
138,-1.2837901018293432,0.0,-0.7551388324081586
139,2.2538215035436426,0.0,1.7989865094759274
140,-1.1357598070668713,0.0,-0.0759852329064003
141,2.724861614309649,1.0,0.7973828478636655
142,1.4187208678829524,0.0,0.40189598409467614
143,0.934062737898016,0.0,0.49083366792464056
144,2.502231986907272,1.0,0.8347679350104222
145,2.645176474016182,1.0,2.484658825712221
146,0.8665931021744673,1.0,0.7398851729909677
147,-0.037393679785368866,0.0,1.180839660324848
148,0.020571845378953804,0.0,-0.21465085788269556
149,0.14048221999533403,0.0,-0.6889860029949529
150,3.0888541388934705,1.0,2.376319583590848
151,1.6769985397794416,1.0,2.846934675882867
152,1.1965155632510815,1.0,0.7192835744955155
153,3.4782991776828927,1.0,2.794067518340396
154,2.8024981266925217,1.0,1.8695960885136385
155,1.1201209513736576,1.0,2.26766059362829
156,-1.3587706592451587,0.0,-1.0592688699518529
157,0.18605909958751568,0.0,0.025416824115228276
158,3.4295420511733,1.0,2.962550578713145
159,0.7045902777254937,0.0,0.710869841355804
160,-0.8891662131855517,0.0,-1.3535756839327004
161,2.2818086385408485,1.0,0.2608927531300258
162,0.4631999696960154,0.0,0.3545985066319214
163,-0.7826109547991374,0.0,-0.506536464683995
164,-1.4308350824921197,0.0,-0.794391971111558
165,-0.16733995956452746,0.0,1.15709900801001
166,1.1646981730079813,1.0,0.4492717053544445
167,-0.855893404210192,0.0,-0.3451788141892098
168,3.0537591653136573,1.0,2.5048787390867693
169,1.2204715000514446,1.0,-0.3789467915825886
170,1.0839473446481562,0.0,1.0601534059899058
171,-1.1346735911135073,0.0,0.04219833731003608
172,-0.8520839026794118,0.0,0.1340667471862409
173,2.145258340327695,1.0,3.397609133522946
174,0.009599787463479358,0.0,-0.31613365702611385
175,0.10719852049129008,0.0,0.7954217606245866
176,2.2770900263963947,1.0,2.300642069401336
177,-0.08633564741932763,0.0,-0.6378846961998413
178,0.11450394467762219,0.0,-0.14519970577496463
179,1.176953608852199,0.0,0.8376849789752638
180,0.40925206828857097,0.0,1.8258512377361753
181,1.1341153984117927,0.0,-0.6629523979868773
182,0.5666688032281344,0.0,0.7366974976925685
183,-1.7302681604790684,0.0,-0.5803096133193029
184,1.11445584634993,0.0,0.8315493501919682
185,4.2615659544074145,1.0,3.3359519662968933
186,0.2269427029703315,0.0,-0.4515418560928187
187,2.704309078031236,1.0,2.2948688537113386
188,-0.5394154770431637,0.0,-1.2620456622434177
189,-0.30019700731493987,0.0,-0.40856326959729616
190,4.262503806074822,1.0,2.874060872082973
191,-0.6204599533579627,0.0,-2.0489261945975565
192,0.2978036094433156,0.0,0.8333184621824193
193,0.16549373251793856,0.0,-0.7747980146266671
194,0.37508960910324074,1.0,1.5228147585502037
195,2.360008000117299,1.0,0.9200830068309006
196,0.7834712713386968,0.0,-0.06551909243888981
197,0.9554272342385999,0.0,0.8834046009747325
198,-0.14235958939549365,1.0,-0.24729896087597492
199,2.976059600935027,1.0,2.379051086301124
200,1.3890400472214728,0.0,-1.4952467072469022
201,3.3672006158503747,1.0,1.9047680588791187
202,3.1869192255656413,1.0,2.4847523364026864
203,4.060862796483714,1.0,1.4372772535016798
204,2.8265452233143726,1.0,0.49217865807700045
205,0.46203816634119477,1.0,2.502873176096561
206,3.363965937351195,1.0,1.1309584656926899
207,-0.3312912780398851,0.0,-0.15492188342128574
208,1.2787989517492446,0.0,-0.22359105354380326
209,1.5062717761109532,1.0,2.3239552359031217
210,-2.0730204567573565,0.0,-0.4210853581718911
211,1.7395279362450289,1.0,-0.026865955394216545
212,0.688902240993723,0.0,1.4190086062007545
213,0.8262350214421216,0.0,-0.040662336021815015
214,4.2425636750872044,1.0,2.98928267852759
215,1.7404705919954813,1.0,1.3775904834454518
216,0.14061107042856438,0.0,-2.8472544873839465
217,0.03158343948456708,0.0,-0.7161480911224136
218,2.269000646054356,1.0,1.2462756147044363
219,2.169710742904616,1.0,2.3190633673673666
220,2.6363814077444396,1.0,3.407231723671153
221,1.638154876638851,1.0,2.818472956465256
222,0.6697796268206055,1.0,-0.3067879114220595
223,-0.2434687958066442,0.0,-2.5696498373774412
224,1.6518310207180094,1.0,2.600675458538265
225,0.015744617768150056,0.0,-0.1504881847859928
226,1.2316775851836077,1.0,1.6408530817012164
227,-0.013160726661941315,0.0,1.3219461652214477
228,-0.6545690180060648,0.0,-1.4184627275900779
229,1.5983700936245577,1.0,0.6636930544978187
230,0.9112296084568411,0.0,1.0729833381312395
231,-0.5668695919485622,0.0,-0.26447309320384627
232,1.6551019480258142,1.0,0.4362687294477411
233,1.1729599412366494,0.0,0.8883955031831967
234,0.5085327066982389,0.0,2.161535354886084
235,0.8329515403782822,0.0,-2.2696517453895115
236,0.9625584075922267,1.0,2.7881812925454916
237,-0.3144866612459447,0.0,-0.5207782934824092
238,2.538944976253229,1.0,3.026336518349396
239,1.3419540127228924,0.0,1.5310135201347048
240,2.5532554589868965,1.0,0.7880935366916197
241,3.656027678863502,1.0,1.9508550768013462
242,3.1334552886833116,1.0,4.2883184044992895
243,3.031609508202936,1.0,3.39460577383839
244,-0.08292735015213885,0.0,0.40028987537869615
245,0.74871633611952,0.0,0.47384813992736297
246,0.3241820730869126,0.0,-1.4850927594354923
247,2.404857506555885,0.0,2.796684280202531
248,2.1547434541476425,1.0,2.7210920117750312
249,0.9586649011630031,0.0,-1.9527247173065179
250,0.9449456129137647,0.0,-0.37069853678713155
251,0.6573293359205822,0.0,1.334253015932091
252,1.78815199930163,1.0,0.9507008093594528
253,1.6290403248716432,0.0,1.253601349381678
254,0.9956323159199766,0.0,0.751769590594805
255,1.1809684120832866,1.0,1.009886993476115
256,0.13899041127034173,0.0,-0.19371932406944936
257,-0.252992148057825,0.0,-0.1475715656285065
258,3.177362492396861,1.0,0.719083578385256
259,0.7829586819378839,0.0,1.2749399923513123
260,0.023138637499187875,0.0,0.11381183334219196
261,3.0010205694506755,1.0,0.2691450879305426
262,2.9959249054034798,1.0,1.7130549374674542
263,-2.268630348643843,0.0,-1.7751432449332216
264,0.5206169125164555,1.0,0.28717289967268356
265,0.026283420020934704,0.0,3.0552900291066596
266,-1.0157931004577672,0.0,1.4082670552028822
267,2.495635027562755,1.0,1.7185421130939278
268,0.8258323998437119,0.0,-0.0946127564148565
269,-1.4399058474165238,0.0,-2.2964040533148298
270,2.4032177516912534,1.0,1.1431346927613903
271,1.443433618674904,1.0,0.6953766687299128
272,1.9417166564653296,1.0,1.0220595281021838
273,-0.4885138118294176,0.0,0.7775350339287528
274,-0.6714917800854164,0.0,-1.1647787340460671
275,1.5665074891308368,0.0,1.7952025643504388
276,2.5988120025747907,1.0,1.240899945610931
277,3.570701496118044,1.0,3.127858862389063
278,1.0455113382537267,1.0,-0.3113088762270815
279,0.3200522020700969,1.0,2.0372053373449126
280,0.949813350828697,1.0,0.5496638770538583
281,1.4839296282572985,1.0,-0.29063006186108864
282,3.386207719113953,1.0,2.4507725815857873
283,1.4910313677316878,0.0,1.0852326036130169
284,0.10117222806778149,0.0,-1.002878732378414
285,0.7392981264780796,1.0,1.9208413977937
286,-0.37944593431869056,0.0,0.47461728903875905
287,1.3030275300761691,1.0,1.0083693815393258
288,2.1843956993795945,1.0,1.140835034179885
289,0.8807342076812159,0.0,0.020790630834932877
290,2.57328636921076,1.0,3.376618398904351
291,0.8261050342868869,0.0,0.5790600883144754
292,0.9506756331826018,1.0,2.176741333409132
293,2.4998165111331048,1.0,2.5886552811317958
294,1.7622695240808588,0.0,1.6313086426424448
295,0.5409023627052938,0.0,0.2902126324916753
296,1.0975745519326074,0.0,-0.22064753039462304
297,2.516588578024103,1.0,2.023718618364251
298,1.7750639484299147,0.0,-0.9641182187254468
299,0.21558919985044742,0.0,-1.0275748908585012
300,-0.238330613437902,0.0,-0.8655732324088513
301,-2.3794410294929143,0.0,-2.1506067093161003
302,2.1985274168472495,1.0,3.905669960377289
303,2.2994267799209744,1.0,0.6000796787514371
304,2.5956365940201973,1.0,1.119914939396788
305,0.24335747574844668,1.0,0.1736000614484896
306,2.011217529891044,0.0,2.1861239980051295
307,-0.9550626326077439,0.0,-0.433164902950271
308,0.46041300845993643,0.0,1.773139313193367
309,1.3146313069585238,0.0,0.5544553763808701
310,0.6821826620165905,0.0,0.4346196476063675
311,-0.8183676494605683,1.0,1.2344539371435306
312,2.005046766157323,1.0,1.7835464337009874
313,2.0281530472752554,1.0,3.0427007953078844
314,0.17640670155317195,0.0,-0.23847072713125111
315,-1.4914535579080535,0.0,-1.802152269015829
316,2.0097531085770335,1.0,2.772418463164542
317,-1.4734849390331728,0.0,-0.8177837789341971
318,-0.9513710004624185,0.0,-0.738422084015536
319,0.7172676691832598,0.0,0.06499479107490636
320,0.1620520272701092,0.0,-1.0670993284943875
321,1.7786583436039023,1.0,0.4638955151015831
322,0.4968706037679456,0.0,0.09238491126055559
323,-0.9853391982641023,0.0,0.31756284956016095
324,0.28762444967541145,1.0,0.8256505974226868
325,-0.8692915257288357,0.0,-0.34062471361740304
326,3.4695402761918945,1.0,1.5464891722804142
327,-0.9961620728405767,0.0,0.030090260904035437
328,2.7144090747486724,1.0,2.2454551781841783
329,1.251718107438041,1.0,1.8378547016459268
330,-1.6632680131538249,0.0,-0.5613480758186482
331,1.219128208613992,0.0,0.6167967191121579
332,0.17283967719833632,0.0,-0.1353304199655923
333,1.6909625806975501,1.0,0.7491188006407183
334,0.41963206378142537,0.0,0.36407967893864657
335,2.688218658552109,1.0,2.100999725072722
336,2.5269180107446205,1.0,1.6474031475862765
337,-0.5193664280549929,0.0,-0.7363056078192423
338,-0.7274787294375831,0.0,-1.483803304402544
339,3.297447613556046,1.0,0.9237707204207206
340,0.6786658304562418,1.0,2.098267985002016
341,2.324568531542441,1.0,1.386571247340682
342,1.3497741618367753,0.0,0.04855342879328528
343,0.15978139037205633,0.0,-0.5341771841644622
344,1.4039644526299195,1.0,0.8616154041252795
345,0.7469685455974997,1.0,1.7457396833344645
346,1.9901860435864234,1.0,-0.39460971402746114
347,1.464456217912715,1.0,0.3652131446547009
348,0.5021296104562573,0.0,-0.03487625704753722
349,0.7532913507205634,1.0,0.8399939484034636
350,2.495476019342531,1.0,2.4685991020440383
351,1.40402391006703,0.0,2.0480169202068326
352,1.7965327829163948,1.0,-0.044068423126598644
353,2.3059536857269425,1.0,0.2563918615977654
354,0.8994350605531697,0.0,1.9840373162864706
355,0.866649291815587,0.0,0.5475140502978778
356,-1.4296101087418864,0.0,-0.773150690890881
357,1.1042250339171709,0.0,-0.9840129386267653
358,1.1357436169318849,1.0,0.3215383544756768
359,1.68005879278466,1.0,0.9331807696756339
360,1.3846881115173721,0.0,1.1093983105520757
361,2.0324793070819207,1.0,1.5123092734371144
362,-0.8003272989160386,0.0,-0.7604508367075555
363,2.2620139570111175,1.0,0.7979631215148488
364,2.3056069647674473,1.0,2.472033637554912
365,1.1142945218464533,0.0,-0.9652350956981366
366,2.1020952751875037,0.0,2.2303637088681025
367,0.2664585491504913,0.0,-0.15273829894695007
368,-0.7971798041993718,0.0,-0.6330572055636605
369,0.23934865192047128,1.0,0.2511008908033768
370,-0.2044848420491957,0.0,-1.8504897811139311
371,1.7639015459935827,1.0,0.7985177277476656
372,0.4630211345795508,0.0,2.010364119640777
373,1.6450323142909,1.0,1.031534749317952
374,0.06318241773338698,0.0,-0.2857570791846733
375,0.3924483289668842,0.0,-0.06343239627848157
376,-0.9668374941799874,0.0,-1.4268023357994675
377,2.191376815771977,1.0,1.5791207983927664
378,3.8471149350530602,1.0,2.6853027726239205
379,-0.9318026054290827,0.0,-0.40344229177409785
380,0.8385799538112434,0.0,1.242375388202554
381,2.631589836989475,1.0,1.4034413418632548
382,-0.7058657310761215,0.0,0.8940233329008438
383,2.3199734090802657,1.0,1.6961137305005143
384,-0.58445084244563,0.0,0.5565959948927894
385,2.327021299390974,1.0,3.0364744497073026
386,2.24735930505496,1.0,2.7710747518912386
387,0.3964849143033255,0.0,0.5028966472401303
388,4.4067300030913374,1.0,2.8900110330399595
389,-1.3069644876297264,0.0,0.06236823030585681
390,0.19907913427258406,0.0,-0.4083468720540699
391,0.25903355234586495,0.0,-0.058858057166531835
392,3.8072727402813307,1.0,3.4631249909288337
393,1.5320552416212958,0.0,0.9747617807824259
394,-0.7859550877508696,0.0,-0.8309862486603139
395,-0.38691694312744057,0.0,2.0263126648579397
396,3.307922320093553,1.0,2.2704696810987746
397,1.0711464831902875,1.0,1.6944760360917055
398,0.6634893818757939,0.0,1.058013507753388
399,-1.3512530341363662,0.0,-0.19249672438117676
400,-0.49207391221658436,0.0,-0.2820282481173958
401,1.958149880198604,1.0,0.520585210963554
402,2.9273231038344263,1.0,2.754447517555363
403,1.3075777511262792,1.0,1.1736480012546535
404,1.9449747690194068,0.0,-0.14701981785267126
405,1.5296928894788917,1.0,0.7848298484172136
406,2.7250577904096667,1.0,-0.064464020976577
407,1.2259868742534223,1.0,-0.18275745648867958
408,0.43355724504455306,0.0,-2.0036825544258834
409,0.5206744970042676,0.0,-1.2517294062704698
410,1.6738232644397326,1.0,0.8473061751303047
411,0.2847429139723889,0.0,-0.5330881302448206
412,-1.0260819031692614,0.0,-0.07751852442508611
413,2.4972992309948014,1.0,0.11279582847294911
414,0.9162079717151516,0.0,0.24772519978291974
415,-0.2144508109914316,0.0,1.591408910808912
416,1.3692800059785077,0.0,0.6637768036372815
417,1.724476621097893,1.0,0.8057275326989685
418,1.0514604259086175,0.0,1.29821391166662
419,1.482789660437004,0.0,-0.0370838742920252
420,0.9381743161644522,1.0,2.2588678722599664
421,0.49923216626296407,0.0,-0.6398670318383817
422,-0.5588876927635028,0.0,-0.883224100972793
423,-0.04441147005515638,0.0,0.7104247465340251
424,0.24450534130439802,0.0,0.3942133657395379
425,-0.13360039517444333,0.0,1.0662239176586368
426,-0.9237015634668905,0.0,0.6595489879282819
427,3.2511846671952207,1.0,2.9801598938667726
428,-0.5711893453602979,0.0,-1.2323910105343363
429,-0.6488121689052646,0.0,-1.9018306812489247
430,1.864792640880856,1.0,2.258843685444814
431,2.7929309101108313,1.0,2.692260441793573
432,0.25327529084556355,1.0,0.5235975203022865
433,0.07146003694338507,0.0,-0.6755592827430501
434,1.9712570563283909,0.0,0.38734978008800447
435,3.3843733918979044,1.0,-0.21636147557750185
436,0.3549175030023474,0.0,-0.0025144056908908696
437,1.2024475088929343,1.0,-0.8299693041320721
438,1.5270142996302667,1.0,1.7935571629740419
439,-1.9698313041515931,0.0,-0.04805707416649896
440,0.994899832349087,1.0,1.7615432042148083
441,1.0744170938610191,1.0,2.44799468109103
442,3.8912662491716903,1.0,3.8611230484947
443,2.608795176254717,1.0,2.301772488475014
444,1.6703028877624022,0.0,1.4654967872129139
445,1.7002716545491756,1.0,1.654318847614075
446,-0.608560018291495,0.0,-1.0055168388918525
447,0.39646526123141673,0.0,-0.056507890729033144
448,2.900016423660769,1.0,2.1102253443052517
449,3.7235334029781164,1.0,1.1890510373465497
450,2.8212044422123688,1.0,3.4770202641952883
451,2.2808641440327717,1.0,0.01859067014192539
452,-1.668676137919784,0.0,-0.47508047034855
453,1.3857948309947943,1.0,1.240139122581542
454,1.6271203581945382,0.0,2.837466077380034
455,1.4005338982268545,1.0,-0.08438494857855305
456,-0.746366490198809,0.0,-2.7958369769142624
457,1.8046601168035517,1.0,3.0048438847479852
458,-2.4211024198397024,0.0,-1.796234051122259
459,1.4576216273767273,1.0,1.9691198776774312
460,1.746605197025829,1.0,1.1026816795767012
461,0.06503359551071823,0.0,0.7160295693268243
462,1.0607459454377886,1.0,2.619892241589443
463,3.903635633565094,1.0,3.045572295172944
464,3.9091987301162527,1.0,1.4147058605138394
465,-0.6389642840118558,0.0,-0.37837619874358147
466,0.9763401892633149,0.0,-0.8333954012204088
467,0.18245751097723634,0.0,-0.7114479931396861
468,-0.17045533503616817,0.0,2.627339595899607
469,1.8665001023138579,1.0,2.75262269640866
470,1.7116742540353496,1.0,1.775478166118954
471,-0.2156786116740372,0.0,-0.5759419738829031
472,-0.37763009807932096,0.0,0.2735747478507029
473,1.6559991372345513,1.0,1.8513566852355399
474,2.6696734301048597,1.0,3.1298597348103643
475,3.103977244386771,1.0,2.691163235735809
476,1.9882139402718964,1.0,1.8857267143613448
477,1.3489388946332865,1.0,1.2551018022367582
478,1.15372663002026,0.0,0.8378495356362179
479,1.1058220924090802,0.0,0.1886998602046453
480,1.179828535243856,1.0,2.2689098058400323
481,-1.2793369747035026,0.0,-1.2705659301897454
482,-0.5464670842459306,0.0,1.0694010910637402
483,2.0000047798061362,1.0,2.8629282620295764
484,2.5569605750245215,1.0,0.9220931900014341
485,1.2068169158703057,0.0,-0.9770919856179543
486,0.17437835556677317,0.0,0.9450503433557467
487,-1.0254297368676533,0.0,-0.32761408668399605
488,0.8854653576613429,1.0,0.2210939415771842
489,2.805305869584886,1.0,2.0125432710988282
490,2.901350044807661,1.0,0.879777946065305
491,2.1317199712404094,1.0,0.9209124614049904
492,2.692445870789528,1.0,2.028698459973375
493,2.6951110270250966,1.0,2.7935815829426254
494,-0.7817202957619327,0.0,-0.21850620504841303
495,-0.437873182343323,0.0,-0.018825074616021897
496,0.7141303552060441,1.0,0.3585852303125936
497,3.0732504546618236,1.0,2.917705759866747
498,-0.7675818326472639,0.0,-2.023522525155989
499,-1.017786835711258,0.0,-0.7732746192580757
500,-1.087222233308603,0.0,-1.3585692814233892
501,1.1649252586839365,0.0,0.1646337186846496
502,2.4302727496811234,1.0,1.0571456264140033
503,1.3659110040080333,0.0,0.14852769226148155
504,1.7607235229008724,1.0,0.37930284141104265
505,-0.12365389685136778,0.0,0.10442182366135833
506,0.3641757968679953,0.0,0.17470423129163495
507,0.5612629979964199,1.0,1.0200854721104478
508,0.3037177505342096,0.0,0.04922651900675208
509,-0.4704680101041653,0.0,1.2598498040003159
510,-0.45511635788950483,0.0,-0.8491927537333853
511,-0.13649665180021123,0.0,-1.6559687446303413
512,2.215780984058881,1.0,2.2810923735353192
513,2.5492819816966983,1.0,2.3184022069976553
514,1.0969491905748958,1.0,1.764405570856225
515,0.9678783809684952,1.0,1.326064033063063
516,2.5749621924834765,1.0,2.185120587787529
517,2.09483860390131,1.0,1.957250802326946
518,-0.3029302027598748,0.0,-1.2022923980484395
519,2.272496205357184,1.0,0.8747850865157146
520,0.5963151382231284,0.0,-1.4209886340547757
521,-0.13123409931502478,0.0,0.6159182625739303
522,-1.8622342694484468,0.0,-1.0041799743451294
523,0.7528626506726066,0.0,0.22062451725466992
524,-0.04130471133538651,0.0,-0.2811367653754767
525,-0.5439905035711381,0.0,-0.10961661804992187
526,3.120893472905858,1.0,1.5426979993291605
527,0.28277936301913026,0.0,-0.968834257404363
528,1.973737795494705,1.0,1.7519629549265927
529,0.9034202213921763,0.0,0.3775713773976892
530,0.30047488114242826,0.0,1.0176856044186073
531,0.6954170229365179,0.0,1.5998404283092893
532,0.31016937701474334,1.0,0.6387616733404844
533,2.562200089889731,1.0,2.855225950457821
534,-0.9073668428630252,0.0,-0.44149229245174715
535,3.0613363729948277,1.0,1.670393278066909
536,-1.947284650707125,0.0,-1.1830155042846189
537,-0.21226717602968556,0.0,0.6900829277831245
538,-0.9344144552394219,0.0,0.24028159745885752
539,0.18310395980022232,0.0,-0.5195096696662127
540,-0.24920858418638775,0.0,-0.8331186323442742
541,0.9973557038385763,1.0,1.231964507194875
542,1.3255588590434226,1.0,-0.5739552459801767
543,-2.751277651045116,0.0,-0.44680793288681764
544,1.8190288333070268,1.0,1.2815636335978386
545,1.5556883228733698,0.0,-1.1222375703774472
546,-0.703578810481474,0.0,-3.151059633369778
547,1.8553524140338296,1.0,1.850792115683329
548,0.9086068299981576,0.0,0.8502199081516916
549,2.2775693853516565,1.0,1.5333613303310631
550,1.2216437793399142,1.0,-0.38815577121897116
551,-0.132832377210887,0.0,1.3044026781498572
552,0.7654430498793072,1.0,0.9298400843248117
553,2.2341638324785107,1.0,1.563741398870448
554,1.972222796160854,1.0,0.5983959800704349
555,1.6273978774506024,1.0,-0.5536656652605667
556,1.6762946702003156,1.0,2.5201091644408535
557,0.828444740738759,1.0,2.629971015633651
558,1.5070292435477295,0.0,-1.2669938234856284
559,-0.65742591794327,0.0,-0.29742449353199596
560,0.1869972112693609,0.0,-1.5519950720420248
561,-0.6375636715715117,0.0,1.596893404894547
562,-0.48395725932664835,0.0,2.547691298100035
563,3.0140292134861886,1.0,2.1172302289630878
564,-0.240766077247715,0.0,-0.030431857110683996
565,-1.8718900392626985,0.0,-1.1195521840879974
566,1.6580491613214294,0.0,1.2735643752374632
567,2.0655974185406953,1.0,3.268543839768787
568,2.3599931551325346,1.0,1.9165075591343097
569,1.3418002336941817,1.0,-0.7930156937684578
570,1.7047434416977443,1.0,1.6089743648406685
571,0.005418566102395106,1.0,1.0943475229656634
572,-0.8806512177167866,0.0,0.36210522370848947
573,3.7398872907508647,1.0,2.1261362690045806
574,1.220074621419695,0.0,2.2906225696929274
575,0.33357722076565693,0.0,1.2251503625075135
576,1.01728784187586,1.0,1.8934412006790045
577,2.169518678171794,0.0,0.30100445957789856
578,1.0398444408483916,0.0,1.3066779609483437
579,2.595555300838464,1.0,2.1165651636767215
580,2.968576912708949,1.0,2.337040303207469
581,0.7441096302189718,1.0,1.0802189278765202
582,-2.701778571539355,0.0,-1.2260921988692741
583,1.5949662219722294,1.0,1.6741580592746719
584,1.994355655887716,1.0,2.134852607659787
585,0.11792027834611905,0.0,-0.3797377884044193
586,3.0224995210475862,1.0,3.2748525095415233
587,0.30200157360634083,1.0,1.3904232531300145
588,2.3657134066949896,1.0,0.1225480267415282
589,2.3933157961648464,1.0,1.895255093156114
590,1.4073596282690426,1.0,0.7488821489212112
591,1.5123982384964019,1.0,1.1725598149664325
592,0.4577610307671173,0.0,-0.14176737623127636
593,-0.04632332972084512,0.0,1.1217296360392357
594,-0.31355458313647605,0.0,0.8039098985356021
595,-0.7470587998101924,0.0,1.5765070508801653
596,1.2333710113133192,1.0,0.8856350902667742
597,1.088687978977957,1.0,1.113463604350038
598,2.5916884083568217,1.0,1.0853305965715805
599,2.991263385210388,1.0,2.036637327331213
600,0.19647073518650537,0.0,0.739871762209686
601,0.863672862964471,1.0,0.9637134828799305
602,-1.0573944030669629,0.0,-0.414428649117266
603,0.18582088500068378,0.0,1.0031333373879756
604,2.3341383033030585,1.0,1.6880666514743274
605,-0.8646384971138006,0.0,-0.43670814170834493
606,3.8203255747610845,1.0,1.6931085198996163
607,3.7003842816168167,1.0,2.6841376371191994
608,1.4468172861551658,0.0,0.6319003772438345
609,0.3453334400246473,0.0,-0.06544971927211146
610,-1.7398186772200943,0.0,-2.0331305334660925
611,3.009078639751121,1.0,0.1442734542495312
612,0.8654400435393282,0.0,0.483213761912441
613,2.700389961566848,1.0,0.4199228608167107
614,2.0287724786049774,1.0,3.0443913045317954
615,3.065025828347067,1.0,2.0364655054476706
616,2.109287829316675,1.0,2.3383439152578362
617,1.2241856907086264,1.0,1.722197895249022
618,1.1287936125079687,0.0,-0.031082869384031153
619,0.15478438324463517,1.0,-0.6500672809224608
620,0.5124712944892242,0.0,1.077559727845211
621,0.12323626839523552,0.0,0.09416150944393775
622,3.60578022623671,1.0,3.035177252700705
623,-1.3236406662817224,0.0,-1.1562313708020266
624,-0.061057417414020924,0.0,0.6363597857226988
625,-1.3060913753361634,0.0,-1.2072454998246458
626,0.6740334229413196,0.0,-0.11255629265460965
627,2.900350213004012,1.0,1.396414796989629
628,0.2824005025274059,0.0,0.5633349103799181
629,0.23026182435159173,0.0,-1.1518933093886115
630,-0.015332993854098812,0.0,-1.101439275136147
631,-0.7686698091052026,0.0,0.42020427716823433
632,2.1380063000014298,1.0,1.8362936328831614
633,2.722565015941435,1.0,1.454969746635061
634,-0.022230204154693938,0.0,-0.6607148299014267
635,0.998920396916569,1.0,1.0666899148838975
636,1.9290195133230736,1.0,2.4621072862859332
637,0.005505092801865658,0.0,0.9533431279811145
638,0.02526871718945481,0.0,-0.5105306111333441
639,1.0143180009808885,1.0,0.4644417799769772
640,-0.27248882138953967,0.0,-1.0550983170741455
641,0.9655026563973321,1.0,2.012667284835313
642,1.910337714354878,1.0,1.8982531384804506
643,1.1022269166978311,0.0,-1.243365736233926
644,-0.804248793465051,0.0,-1.193114839829663
645,0.8814900553621856,0.0,1.3315739610005268
646,0.7119396637878057,1.0,1.805980021138272
647,1.0406000362664574,0.0,1.7824101088371933
648,0.5539939845720884,0.0,0.2484839461003378
649,-0.7602925852421166,0.0,-0.22282340102958048
650,1.2960962238810279,1.0,0.7708917603646414
651,1.6137408500496253,1.0,1.4732981870859447
652,-0.20645774877593714,0.0,0.8615052179593917
653,0.5628026977168803,0.0,-1.0215672549191435
654,3.3061745919529266,1.0,-0.8517222436181426
655,3.3175668772391296,1.0,1.3323509385230068
656,-0.9653597569584761,0.0,0.12533870305636302
657,2.7215799251340225,1.0,1.4134917198458776
658,0.5096268746048666,0.0,-1.993119060350855
659,1.6072990510052492,1.0,2.267407132916851
660,0.5017084394576419,0.0,-2.1401401736003227
661,1.4182245712744728,1.0,0.5579022519956466
662,-2.085755076266742,0.0,-2.1918652918779147
663,3.029773608154657,1.0,0.23577571769077887
664,-1.2182760473556193,0.0,-0.874006424388745
665,-0.17387265098390264,0.0,1.0908382717651715
666,2.532033048166045,1.0,1.4609976084170948
667,0.17865112984605633,0.0,-0.06665407020266777
668,1.521806578731044,0.0,1.3411993750238793
669,-0.8694863201172671,0.0,-1.1156961974192656
670,-0.24720572218409667,0.0,0.6492380946579842
671,2.1553531641670474,1.0,0.8692483477367029
672,1.1555523730778448,0.0,0.7095348085940324
673,-0.06266722077899509,0.0,1.6009010518659406
674,3.032013616248661,1.0,1.449157986493201
675,2.011855002465444,1.0,1.005867004054961
676,-0.3044343449876521,0.0,0.9523388957736753
677,2.146177396081529,1.0,0.9738362880452291
678,1.9949940888357138,1.0,1.5438487984407767
679,0.39311944289827483,0.0,-0.006353513781514802
680,3.412365623296903,1.0,0.493896452936875
681,2.792558101771421,1.0,2.652887665969466
682,-1.0000734350902474,0.0,0.22146567214828394
683,2.9419088768691934,1.0,-0.04649776714857934
684,1.7318867857725635,0.0,0.9184443836662551
685,0.07124927614608922,1.0,0.8879444474037764
686,-0.11280732791679293,0.0,0.06005137489438493
687,-1.4105435061238716,0.0,-2.659558118951775
688,1.2746406555882075,1.0,1.0889555800594395
689,3.139820467838182,1.0,1.8268308658704535
690,3.4538671273651227,1.0,0.033978787798677246
691,1.8936313093314268,1.0,0.7855331554502372
692,1.4939197104773019,1.0,1.3753567735747707
693,-0.815549737035416,0.0,-0.4208631990053413
694,-1.4099008629458383,0.0,1.1894503764100388
695,-0.9171935064019503,0.0,-1.1099854149005748
696,2.1830667175392025,1.0,2.159303474420818
697,1.2850653041349736,0.0,-0.26864196792187933
698,3.671368248525831,1.0,2.79220778811064
699,2.430098936383403,1.0,0.8396678532467129
700,1.6726236368775256,1.0,1.8763068017578888
701,0.14382955262819674,1.0,-0.708814908885358
702,0.3012082533547374,0.0,0.0884328675583882
703,-0.5872796337758851,0.0,-0.006515846760512867
704,0.06774665705138491,0.0,1.4030935830471871
705,1.6990843450852804,1.0,0.023805146938904453
706,-0.31703915294239426,0.0,-0.7199542462282873
707,0.018289800541534937,0.0,-0.23621588864016888
708,0.6906408783200828,1.0,2.079878220317106
709,-0.42802442872194124,0.0,0.7781446872659578
710,2.0664032488788933,1.0,1.8526548807898977
711,2.4187376583032463,0.0,0.10286886870440126
712,1.192455219692022,1.0,2.287322929549129
713,-1.08538910276035,0.0,0.16782616756221402
714,-0.5804840914197008,0.0,-0.6034114004028098
715,1.4465435585275692,1.0,0.4540397797296677
716,-0.06955775574731297,0.0,0.21334589167254714
717,0.007719308227832381,0.0,-1.5189163889892145
718,2.405834841747746,1.0,2.0073986942359965
719,2.5286743280867814,1.0,0.16817704933688638
720,1.6675845462053678,1.0,0.4435842192130467
721,1.5820299195312804,1.0,2.128895257576626
722,-0.778234378326708,0.0,-0.4368951433301416
723,4.253201925102844,1.0,3.2155102963162854
724,1.2899842045489422,1.0,1.3074254449383216
725,2.4171907824368937,1.0,1.8264044524824703
726,2.2075416982587557,1.0,0.8422658618727663
727,1.151537003077121,0.0,0.2195780963437548
728,1.07139219452079,1.0,0.9053892225644298
729,0.78648595030015,1.0,1.9987157058186984
730,3.933260195386139,1.0,4.186199029944213
731,1.4320978247640648,1.0,1.9865253356030321
732,-0.7879180521391698,0.0,-1.6441201580038045
733,1.3846166369817883,1.0,0.536122535300184
734,1.753124519863484,1.0,1.1917337628340139
735,0.6805556798034917,0.0,0.26090375369690494
736,1.7770456216574724,1.0,0.45628800276244386
737,0.8476398263549083,0.0,0.4317550008740877
738,2.6853545633482394,1.0,2.2680902842137396
739,-1.5944932089374118,0.0,-1.2190824308404966
740,0.22307041357982849,1.0,0.50889421791364
741,1.7316790454823103,1.0,0.9583583742163796
742,1.1713337502150398,0.0,-1.6820956973033065
743,0.6064699164228677,1.0,0.2680278340432569
744,1.6167552234286788,1.0,1.188449805435813
745,-0.049253240406070035,0.0,-1.0497604777275011
746,1.385273566063958,1.0,0.03380702904983557
747,2.0232644810206115,1.0,0.5744811135055954
748,2.568235781738137,1.0,2.005308918533844
749,2.2395669226317176,1.0,1.48416562613572
750,-0.024336614685664948,1.0,2.5223489750618806
751,2.6233036744468503,1.0,2.6763192241995393
752,1.9441381891900327,1.0,2.880334339356763
753,1.1391773752895722,1.0,1.800325672330941
754,-2.12312529228696,0.0,-0.6357736179004393
755,0.04089166104219668,0.0,0.6529692388921281
756,2.4929267872373884,1.0,2.9761557704129085
757,-2.844737020019981,0.0,-0.26657706889550226
758,0.717926669912468,0.0,0.5872351594489977
759,0.7445261658821862,0.0,-1.4632500535097277
760,-0.043908279423820265,0.0,0.46542217193694324
761,2.0043754887228724,1.0,2.854959064196308
762,-0.41457131005490905,0.0,1.3497162820923114
763,0.26909420675259343,0.0,-1.0953592503971499
764,2.5181274836732763,1.0,1.3672837884378881
765,-0.2863339848024089,1.0,1.4892845840520867
766,-1.3968332693310574,0.0,-2.268116181164279
767,1.7613143131582154,0.0,1.2478586065891533
768,-0.9040634626444753,0.0,0.6675691250220279
769,1.81696422793587,1.0,0.42744238866037465
770,-1.2065952141416958,0.0,-0.09933526837671525
771,1.4908097594158982,1.0,0.8796801932100683
772,0.45737431510090854,0.0,-1.0415420626437735
773,0.12065732469985312,0.0,-1.859303628239364
774,2.097523119352169,1.0,1.0899908199459536
775,1.8728816548019347,1.0,1.698263360237366
776,1.2091848847819093,0.0,1.585229648277524
777,0.23098619058199654,0.0,-1.7154994488255184
778,1.236122706730366,0.0,0.04545853696394542
779,-0.4293144084270392,0.0,0.07068005657973855
780,1.6680991199477795,0.0,-0.7252885947812802
781,0.07799289227993973,0.0,0.018648795776210734
782,2.0860834461000666,1.0,0.676721343135036
783,1.38186241904278,0.0,1.015334891689257
784,-0.004223266908571906,0.0,0.0058467299820532306
785,1.8888979837208095,1.0,1.1853170999575502
786,-0.05873225197250888,0.0,1.5294428165889589
787,1.6940059583027778,1.0,0.2554587992380357
788,1.2204293150657348,0.0,0.6445655699227268
789,-0.43755692608352986,0.0,-1.0051696214754344
790,0.8646984779279498,0.0,0.27712412346411336
791,-0.40502545497633496,0.0,0.8748810903653765
792,-1.018421161180476,0.0,-0.6463587633451848
793,-1.8567105707285907,0.0,0.11356447440921325
794,2.742558399065447,0.0,0.9799949325568064
795,-1.5771716199637602,0.0,-2.2395112665180545
796,-0.015269037283405515,0.0,0.5410068275496208
797,0.3717953106481795,0.0,-1.3215149256859822
798,0.4166860421134339,0.0,-1.287128321478191
799,1.673039066000542,1.0,0.543260963453253
800,-1.037547807133501,0.0,0.7205419870391916
801,1.1540694629321007,0.0,-0.09535972294230821
802,3.712658669074136,1.0,2.4547589440589115
803,2.8967401714467194,1.0,1.0246688617531408
804,3.4808785834288107,1.0,1.7924005586839764
805,1.6381300848461458,1.0,2.741957066162313
806,2.4000617373425555,1.0,1.188448360317366
807,2.381776761597978,1.0,1.6139615936186806
808,-0.3840607754863141,0.0,0.3412200188202572
809,3.8572307699731665,1.0,0.9136352266057344
810,0.9863007802286384,0.0,0.17302442564210863
811,0.874654282699024,1.0,-0.9484905847603204
812,1.6966844083262616,1.0,1.1783662012617828
813,2.6282102442306785,1.0,2.1725373039075593
814,3.4668729686634627,1.0,3.2309243356747896
815,1.345107834195992,1.0,1.7529672771145375
816,0.09681908896265734,0.0,-0.615637708864671
817,3.5055432628819805,1.0,3.1832064964825793
818,2.1721457557505133,0.0,0.30460577145813694
819,3.0043863588728437,1.0,-0.008099918234488523
820,-0.3338105850779574,0.0,-0.08304573485492822
821,1.344304938210236,1.0,3.022425868031135
822,1.4065467265808045,1.0,1.1619847894920745
823,-0.08987096509149373,1.0,0.5248315775739545
824,0.48831014346302454,0.0,-0.3514869436991288
825,3.226935285968498,1.0,3.0682867059311265
826,2.3950004831612635,1.0,2.7724637502001683
827,2.232357795515237,1.0,2.082205578881529
828,0.12536181297841464,1.0,1.8333449110853448
829,2.4469169201192855,1.0,1.3206346965325242
830,3.565007907605186,1.0,0.45139727439803434
831,-2.0181831417661624,0.0,0.5392469291983459
832,3.5272959740532883,1.0,3.310761190619575
833,3.463850415301939,1.0,1.8501032934183774
834,1.9268360732132577,1.0,1.5622297886083987
835,0.7315044334815116,0.0,2.2562506091933345
836,-0.23740149664550472,0.0,0.2013175932949885
837,0.26954032876763623,0.0,1.308756184815312
838,1.5710544798405701,0.0,-0.41902689179243113
839,1.6909911252074261,1.0,-0.4274683614438317
840,2.361966273399922,1.0,3.5365596090090405
841,-0.7261577488115002,0.0,-0.555909558116614
842,2.133659740223292,1.0,2.4385522632627126
843,0.36734367488227543,0.0,-0.1616779357035851
844,3.3284727982077413,1.0,0.11333931536947794
845,-0.5885640205616841,0.0,0.5556385192470503
846,0.4674375868100943,0.0,1.6517318746467629
847,-0.44926481165559606,0.0,-0.3107888128268106
848,-0.7072270354855409,0.0,-0.7713168259038661
849,1.5997403253671256,0.0,-0.31768059604134746
850,2.1898543832346484,1.0,1.7425886793108494
851,-0.0003975031072723123,0.0,-2.3332872016436426
852,-0.36368628198527375,0.0,0.732528092620183
853,0.5532184588493827,0.0,0.9174780965252078
854,-1.1482543905469385,0.0,-1.3650721960554422
855,2.376607252250727,1.0,3.193581608956827
856,3.2335295335612826,1.0,1.4722187728476466
857,0.9156729143574038,1.0,1.0807945131777097
858,0.926781236556833,0.0,-0.09338907759622012
859,0.6273586220903455,0.0,0.9382730525604889
860,1.7322551330142573,0.0,0.19020451605768407
861,-0.9043449071654794,0.0,-2.1580151173681643
862,1.0586587379951267,0.0,-0.44736978523862403
863,0.8297058580141041,0.0,0.6828069497325377
864,2.150349521418233,1.0,2.399522410664508
865,-0.2429073947189402,0.0,0.6459505096374555
866,1.476777730393579,1.0,2.974280249482859
867,-1.2556384649840544,0.0,-1.076356391617277
868,0.41420139865853944,0.0,-0.6429502173422348
869,0.3532658869248932,0.0,0.3548533134854427
870,-0.31009152101002074,0.0,0.4531912803564744
871,2.5486751328675963,1.0,3.2027506964605115
872,1.7225487627376048,1.0,1.9673933864031157
873,1.2814527311896398,1.0,2.4415065160638516
874,2.1353437638365427,1.0,2.8240043884423027
875,-0.02769689354737939,0.0,-1.4623514490589737
876,2.6164445399026675,1.0,2.1200553266795943
877,0.9478203525629043,0.0,0.6571671524759767
878,0.15728280936344466,0.0,0.19276305212109407
879,0.05651917609114254,1.0,-0.5012439167143434
880,1.2438690570751008,1.0,0.4864883518158395
881,-1.549874766768741,0.0,1.6815320053539522
882,0.3910916798710276,0.0,-0.23510438460759267
883,3.258870058569965,1.0,2.3227605760133
884,-0.09547486375385772,0.0,-0.07509479705785996
885,1.4392137089225665,1.0,0.5738405142755707
886,0.5512759311485262,0.0,0.29738029780571945
887,1.810781532312593,1.0,0.573256682261834
888,2.5579182591169123,1.0,1.1701649147742612
889,-0.6037898943975932,0.0,0.08738273686375114
890,-1.2428070674886806,0.0,0.7199627766068969
891,1.7356222502891352,0.0,1.289507663216265
892,-0.8772604594092683,0.0,-1.772099973244567
893,-0.8028099803385971,0.0,-1.6415721409676718
894,2.037235684270081,1.0,-0.5750907824084219
895,-0.9503657611671129,0.0,-2.529212659369116
896,0.3837741383751026,0.0,0.8892299722909998
897,-0.7446717677685735,0.0,-0.9735302806914866
898,1.2220701587910288,1.0,1.369237083127996
899,1.777974484675933,0.0,1.0754128236453588
900,2.0384055640635146,1.0,2.4394323946599705
901,0.14570472447118474,0.0,0.5381401618545876
902,2.176443062002383,0.0,1.4889985779394261
903,-0.5495987874920115,0.0,2.166337823739959
904,-1.0818138921118083,0.0,-0.8566585180270284
905,1.5616467144147146,1.0,1.2665546071212348
906,1.8850895241026397,1.0,2.037206865997473
907,2.6589548223715505,1.0,2.6878251562713595
908,0.2065678713811374,1.0,0.9587387915272205
909,-0.7200637284011376,0.0,-0.23646564795077202
910,1.1933555181173605,0.0,0.4960988495113638
911,1.142109045172509,0.0,0.4543365575363832
912,2.0809231311799783,1.0,1.2869674877775388
913,-0.805063309751384,0.0,-0.6569331198274788
914,1.9294935624063227,1.0,0.02499208875400205
915,-2.4338381369891806,0.0,-3.907556418714801
916,0.8235613923649143,1.0,1.0408042059758902
917,3.3461918892743876,1.0,2.6211168339023216
918,1.3582085783586502,1.0,-0.45777658582630054
919,0.5728190935380679,1.0,1.714195389719623
920,0.5056822273412556,0.0,-0.8253243036162176
921,2.0158833235230516,0.0,1.5733395099095677
922,2.1558050958710053,0.0,0.24271846121990526
923,0.4841988843901442,0.0,-0.18709937905028576
924,2.354985081410925,1.0,2.269055389388553
925,3.3360250757052414,1.0,1.727808432316185
926,1.0201034259567723,0.0,0.7378545645332687
927,2.3276268805695013,1.0,3.7695156855356675
928,3.516559834348445,1.0,2.863398349723719
929,1.8243077011924735,1.0,0.6250440295784332
930,1.8457625725182383,1.0,-0.5320347131449417
931,2.1199133813910374,1.0,2.660551570214043
932,1.5226782115424775,1.0,-0.01563161832947335
933,1.1883512478179892,1.0,0.17248427928550658
934,0.39792139944512633,0.0,1.367118847147589
935,2.0074622601350764,1.0,1.7300431831661693
936,0.710725482486647,0.0,0.6663198470841226
937,2.4296459963513466,1.0,1.844080445078314
938,1.2275579453618664,1.0,2.595013167635373
939,2.086843415787688,1.0,1.45395982554461
940,0.3498095460052036,0.0,-0.7516818241218104
941,1.8263099684111066,1.0,1.8209407439354308
942,0.15597393951087213,0.0,0.5205938193133821
943,0.7427848970819299,0.0,0.6908995026553565
944,-1.2867670181184747,0.0,-0.20102495146188398
945,-0.23995507011934378,0.0,0.29271653252515795
946,0.9856683947535834,1.0,1.4672051273186728
947,0.142571986019159,1.0,-0.3967930553379252
948,1.227513709803684,1.0,2.198459296754462
949,0.9122912159051293,0.0,0.4331492075176561
950,2.9009118524710242,1.0,1.2495352287233192
951,0.49972992014288486,1.0,1.0557420369119956
952,3.682597969859703,1.0,1.4294411730388021
953,-0.026879874066994765,0.0,-2.083646516368928
954,1.2310592541697007,0.0,0.42330813366856285
955,0.805493272515277,0.0,-0.1907662373234349
956,-0.17432174378306606,0.0,-1.5903871504875562
957,1.735010106178924,1.0,1.4445325349388596
958,1.005342790217447,0.0,0.8556072792784024
959,0.6233444602250886,1.0,0.5045848014319126
960,1.1183733761691688,1.0,0.6559725010622286
961,0.33713502628996483,1.0,0.5653960163084694
962,-0.745193410209388,0.0,0.45888393471728406
963,4.217120325413427,1.0,2.711261772421273
964,0.8890982508232417,1.0,1.4658753554617128
965,-0.304712547542374,1.0,0.3903500583951019
966,3.518431673741878,1.0,2.7787320250992966
967,-0.7004663597163443,0.0,0.7612042860507122
968,0.5013322945049966,0.0,-1.945466118259253
969,2.125556674024485,1.0,2.0489952227801456
970,1.001636505941213,1.0,1.2505364956517953
971,1.0410956956711626,0.0,1.5661137852034819
972,1.165622689695703,1.0,0.1959048999810178
973,2.0575243095772415,0.0,-0.5992909123221026
974,1.001259952312968,0.0,-0.7541107114917197
975,1.8601955650328559,1.0,2.9205270059613024
976,1.5578751211332476,1.0,-0.17398901576401982
977,-0.6028296761957845,0.0,-1.7105686775448088
978,3.745750987644896,1.0,0.7318410048678043
979,1.98906430381111,1.0,2.0636311705847077
980,1.2432462451376816,0.0,0.583933801362674
981,0.5548094456492649,0.0,0.4996768046420805
982,-2.3889569437879885,0.0,-2.1432032752847876
983,1.8394758149398005,1.0,1.1229627676550504
984,2.5690321082242513,1.0,3.068264976871581
985,0.5579008499375733,0.0,-0.34104876949649576
986,3.33473299418468,1.0,2.085194441122448
987,2.2915499819399257,1.0,0.704877319978467
988,1.8026269721992962,0.0,1.2362985134763445
989,0.8473904341512728,1.0,0.2914419355206823
990,1.7250253669886282,1.0,1.5367929984271813
991,0.22898322664839132,1.0,1.6964148528139622
992,0.7664157679555943,1.0,2.701030514485621
993,2.4697806944028713,1.0,2.4403504959919147
994,1.1526171592075816,0.0,0.5663760904325602
995,-0.18483999634442805,1.0,0.06767629317149737
996,-1.0452436840155512,0.0,-0.5177118874471498
997,-2.078125559929368,0.0,-1.8529298937999257
998,1.928194874748151,1.0,1.29300300971388
999,1.5566133885238786,1.0,0.9013074031584356
